id_employee,age,genre,revenu_mensuel,statut_marital,departement,poste,nombre_experiences_precedentes,nombre_heures_travailless,annee_experience_totale,annees_dans_l_entreprise,annees_dans_le_poste_actuel
1,41,F,5993,CÃ©libataire,Commercial,Cadre Commercial,8,80,8,6,4
2,49,M,5130,MariÃ©(e),Consulting,Assistant de Direction,1,80,10,10,7
4,37,M,2090,CÃ©libataire,Consulting,Consultant,6,80,7,0,0
5,33,F,2909,MariÃ©(e),Consulting,Assistant de Direction,1,80,8,8,7
7,27,M,3468,MariÃ©(e),Consulting,Consultant,9,80,6,2,2
8,32,M,3068,CÃ©libataire,Consulting,Consultant,0,80,8,7,7
10,59,F,2670,MariÃ©(e),Consulting,Consultant,4,80,12,1,0
11,30,M,2693,DivorcÃ©(e),Consulting,Consultant,1,80,1,1,0
12,38,M,9526,CÃ©libataire,Consulting,Tech Lead,0,80,10,9,7
13,36,M,5237,MariÃ©(e),Consulting,Manager,6,80,17,7,7
14,35,M,2426,MariÃ©(e),Consulting,Consultant,0,80,6,5,4
15,29,F,4193,CÃ©libataire,Consulting,Consultant,0,80,10,9,5
16,31,M,2911,DivorcÃ©(e),Consulting,Assistant de Direction,1,80,5,5,2
18,34,M,2661,DivorcÃ©(e),Consulting,Consultant,0,80,3,2,2
19,28,M,2028,CÃ©libataire,Consulting,Consultant,5,80,6,4,2
20,29,F,9980,DivorcÃ©(e),Consulting,Tech Lead,1,80,10,10,9
21,32,M,3298,DivorcÃ©(e),Consulting,Assistant de Direction,0,80,7,6,2
22,22,M,2935,DivorcÃ©(e),Consulting,Consultant,1,80,1,1,0
23,53,F,15427,MariÃ©(e),Commercial,Senior Manager,2,80,31,25,8
24,38,M,3944,CÃ©libataire,Consulting,Assistant de Direction,5,80,6,3,2
26,24,F,4011,DivorcÃ©(e),Consulting,Tech Lead,0,80,5,4,2
27,36,M,3407,CÃ©libataire,Commercial,ReprÃ©sentant Commercial,7,80,10,5,3
28,34,F,11994,CÃ©libataire,Consulting,Directeur Technique,0,80,13,12,6
30,21,M,1232,CÃ©libataire,Consulting,Assistant de Direction,1,80,0,0,0
31,34,M,2960,CÃ©libataire,Consulting,Assistant de Direction,2,80,8,4,2
32,53,F,19094,DivorcÃ©(e),Consulting,Senior Manager,4,80,26,14,13
33,32,F,3919,CÃ©libataire,Consulting,Assistant de Direction,1,80,10,10,2
35,42,M,6825,MariÃ©(e),Commercial,Cadre Commercial,0,80,10,9,7
36,44,F,10248,MariÃ©(e),Consulting,Manager,3,80,24,22,6
38,46,F,18947,CÃ©libataire,Commercial,Senior Manager,3,80,22,2,2
39,33,M,2496,CÃ©libataire,Consulting,Consultant,4,80,7,1,1
40,44,M,6465,MariÃ©(e),Consulting,Manager,2,80,9,4,2
41,30,M,2206,CÃ©libataire,Consulting,Consultant,1,80,10,10,0
42,39,M,2086,MariÃ©(e),Commercial,ReprÃ©sentant Commercial,3,80,19,1,0
45,24,M,2293,MariÃ©(e),Consulting,Assistant de Direction,2,80,6,2,0
46,43,F,2645,DivorcÃ©(e),Consulting,Assistant de Direction,1,80,6,5,3
47,50,M,2683,MariÃ©(e),Commercial,ReprÃ©sentant Commercial,1,80,3,3,2
49,35,F,2014,MariÃ©(e),Commercial,ReprÃ©sentant Commercial,1,80,2,2,2
51,36,F,3419,MariÃ©(e),Consulting,Assistant de Direction,9,80,6,1,1
52,33,F,5376,MariÃ©(e),Commercial,Cadre Commercial,2,80,10,5,3
53,35,M,1951,DivorcÃ©(e),Consulting,Consultant,1,80,1,1,0
54,27,F,2341,DivorcÃ©(e),Consulting,Consultant,1,80,1,1,0
55,26,M,2293,CÃ©libataire,Consulting,Consultant,1,80,1,1,0
56,27,M,8726,CÃ©libataire,Commercial,Cadre Commercial,1,80,9,9,8
57,30,F,4011,CÃ©libataire,Consulting,Consultant,1,80,12,12,8
58,41,F,19545,MariÃ©(e),Consulting,Directeur Technique,1,80,23,22,15
60,34,M,4568,CÃ©libataire,Commercial,Cadre Commercial,0,80,10,9,5
61,37,M,3022,MariÃ©(e),Consulting,Assistant de Direction,4,80,8,1,0
62,46,M,5772,CÃ©libataire,Commercial,Cadre Commercial,4,80,14,9,6
63,35,M,2269,MariÃ©(e),Consulting,Consultant,1,80,1,1,0
64,48,M,5381,CÃ©libataire,Consulting,Consultant,9,80,23,1,0
65,28,M,3441,CÃ©libataire,Consulting,Consultant,1,80,2,2,2
68,44,F,5454,DivorcÃ©(e),Commercial,Cadre Commercial,5,80,9,4,3
70,35,M,9884,MariÃ©(e),Consulting,Manager,2,80,10,4,0
72,26,F,4157,MariÃ©(e),Commercial,Cadre Commercial,7,80,5,2,2
73,33,F,13458,CÃ©libataire,Consulting,Directeur Technique,1,80,15,15,14
74,35,M,9069,MariÃ©(e),Commercial,Cadre Commercial,1,80,9,9,8
75,35,F,4014,MariÃ©(e),Consulting,Consultant,3,80,4,2,2
76,31,M,5915,DivorcÃ©(e),Consulting,Consultant,3,80,10,7,7
77,37,M,5993,DivorcÃ©(e),Consulting,Tech Lead,1,80,7,7,5
78,32,M,6162,MariÃ©(e),Consulting,Tech Lead,1,80,9,9,8
79,38,F,2406,CÃ©libataire,Consulting,Consultant,1,80,10,10,3
80,50,F,18740,DivorcÃ©(e),Consulting,Directeur Technique,5,80,29,27,3
81,59,F,7637,CÃ©libataire,Commercial,Cadre Commercial,7,80,28,21,16
83,36,F,10096,DivorcÃ©(e),Consulting,Manager,1,80,17,17,14
84,55,F,14756,DivorcÃ©(e),Consulting,Senior Manager,2,80,21,5,0
85,36,M,6499,CÃ©libataire,Consulting,Tech Lead,1,80,6,6,5
86,45,M,9724,DivorcÃ©(e),Consulting,Assistant de Direction,2,80,25,1,0
88,35,M,2194,MariÃ©(e),Consulting,Assistant de Direction,4,80,5,3,2
90,36,M,3388,MariÃ©(e),Consulting,Assistant de Direction,0,80,2,1,0
91,59,F,5473,CÃ©libataire,Commercial,Cadre Commercial,7,80,20,4,3
94,29,M,2703,MariÃ©(e),Consulting,Assistant de Direction,0,80,6,5,4
95,31,M,2501,CÃ©libataire,Consulting,Assistant de Direction,1,80,1,1,1
96,32,M,6220,MariÃ©(e),Consulting,Assistant de Direction,1,80,10,10,4
97,36,F,3038,MariÃ©(e),Consulting,Consultant,3,80,5,1,0
98,31,F,4424,CÃ©libataire,Consulting,Tech Lead,1,80,11,11,7
100,35,M,4312,CÃ©libataire,Commercial,Cadre Commercial,0,80,16,15,13
101,45,M,13245,MariÃ©(e),Consulting,Directeur Technique,4,80,17,0,0
102,37,M,13664,CÃ©libataire,Consulting,Directeur Technique,4,80,16,5,2
103,46,M,5021,DivorcÃ©(e),Ressources Humaines,Ressources Humaines,8,80,16,4,2
104,30,M,5126,MariÃ©(e),Consulting,Consultant,1,80,10,10,8
105,35,M,2859,CÃ©libataire,Consulting,Assistant de Direction,1,80,6,6,4
106,55,M,10239,MariÃ©(e),Commercial,Cadre Commercial,3,80,24,1,0
107,38,F,5329,DivorcÃ©(e),Consulting,Assistant de Direction,7,80,17,13,11
110,34,M,4325,MariÃ©(e),Consulting,Tech Lead,1,80,5,5,2
112,56,M,7260,CÃ©libataire,Consulting,Tech Lead,4,80,37,6,4
113,23,M,2322,DivorcÃ©(e),Commercial,ReprÃ©sentant Commercial,3,80,3,0,0
116,51,M,2075,MariÃ©(e),Consulting,Consultant,3,80,10,4,2
117,30,M,4152,MariÃ©(e),Consulting,Manager,1,80,11,11,10
118,46,M,9619,CÃ©libataire,Commercial,Cadre Commercial,1,80,9,9,8
119,40,M,13503,MariÃ©(e),Consulting,Manager,1,80,22,22,3
120,51,M,5441,CÃ©libataire,Commercial,Cadre Commercial,0,80,11,10,7
121,30,F,5209,DivorcÃ©(e),Commercial,Cadre Commercial,1,80,11,11,8
124,46,M,10673,MariÃ©(e),Consulting,Manager,2,80,21,10,9
125,32,M,5010,CÃ©libataire,Commercial,Cadre Commercial,1,80,12,11,8
126,54,F,13549,MariÃ©(e),Consulting,Directeur Technique,9,80,16,4,3
128,24,F,4999,MariÃ©(e),Commercial,Cadre Commercial,0,80,4,3,2
129,28,M,4221,MariÃ©(e),Commercial,Cadre Commercial,1,80,5,5,4
131,58,M,13872,CÃ©libataire,Commercial,Cadre Commercial,0,80,38,37,10
132,44,M,2042,MariÃ©(e),Consulting,Consultant,4,80,17,3,2
133,37,M,2073,DivorcÃ©(e),Ressources Humaines,Ressources Humaines,4,80,7,3,2
134,32,M,2956,CÃ©libataire,Consulting,Assistant de Direction,1,80,1,1,0
137,20,F,2926,CÃ©libataire,Consulting,Consultant,1,80,1,1,0
138,34,F,4809,CÃ©libataire,Consulting,Assistant de Direction,1,80,16,16,13
139,37,M,5163,DivorcÃ©(e),Consulting,Manager,5,80,17,1,0
140,59,F,18844,MariÃ©(e),Ressources Humaines,Senior Manager,9,80,30,3,2
141,50,F,18172,MariÃ©(e),Consulting,Directeur Technique,3,80,28,8,3
142,25,M,5744,CÃ©libataire,Commercial,Cadre Commercial,1,80,6,6,4
143,25,M,2889,MariÃ©(e),Consulting,Assistant de Direction,1,80,2,2,2
144,22,F,2871,CÃ©libataire,Consulting,Consultant,1,80,1,0,0
145,51,F,7484,CÃ©libataire,Consulting,Manager,3,80,23,13,12
147,34,M,6074,CÃ©libataire,Consulting,Consultant,1,80,9,9,7
148,54,F,17328,CÃ©libataire,Ressources Humaines,Senior Manager,2,80,23,5,3
150,24,M,2774,MariÃ©(e),Consulting,Consultant,0,80,6,5,3
151,34,F,4505,DivorcÃ©(e),Consulting,Assistant de Direction,6,80,12,1,0
152,37,M,7428,CÃ©libataire,Commercial,Cadre Commercial,2,80,12,5,3
153,34,F,11631,CÃ©libataire,Consulting,Senior Manager,2,80,14,11,10
154,36,F,9738,MariÃ©(e),Commercial,Cadre Commercial,0,80,10,9,7
155,36,F,2835,DivorcÃ©(e),Consulting,Consultant,5,80,7,1,0
158,43,M,16959,MariÃ©(e),Commercial,Senior Manager,1,80,25,25,12
159,30,M,2613,DivorcÃ©(e),Consulting,Assistant de Direction,1,80,10,10,7
160,33,M,6146,MariÃ©(e),Commercial,Cadre Commercial,0,80,8,7,7
161,56,F,4963,MariÃ©(e),Consulting,Assistant de Direction,9,80,7,5,4
162,51,M,19537,CÃ©libataire,Consulting,Directeur Technique,7,80,23,20,18
163,31,M,6172,MariÃ©(e),Commercial,Cadre Commercial,4,80,12,7,7
164,26,F,2368,MariÃ©(e),Consulting,Assistant de Direction,1,80,5,5,4
165,58,F,10312,MariÃ©(e),Consulting,Manager,1,80,40,40,10
167,19,M,1675,CÃ©libataire,Commercial,ReprÃ©sentant Commercial,1,80,0,0,0
169,22,M,2523,MariÃ©(e),Consulting,Consultant,0,80,3,2,1
170,49,F,6567,MariÃ©(e),Consulting,Tech Lead,1,80,16,15,11
171,43,F,4739,CÃ©libataire,Consulting,Assistant de Direction,4,80,18,3,2
174,50,F,9208,CÃ©libataire,Commercial,Cadre Commercial,4,80,16,2,2
175,31,F,4559,MariÃ©(e),Commercial,Cadre Commercial,3,80,4,2,2
176,41,M,8189,DivorcÃ©(e),Commercial,Cadre Commercial,3,80,12,9,7
177,26,F,2942,MariÃ©(e),Ressources Humaines,Ressources Humaines,1,80,8,8,7
178,36,M,4941,DivorcÃ©(e),Consulting,Tech Lead,6,80,7,3,2
179,51,M,10650,CÃ©libataire,Consulting,Tech Lead,2,80,18,4,2
182,39,F,5902,MariÃ©(e),Commercial,Cadre Commercial,4,80,17,15,11
183,25,M,8639,MariÃ©(e),Commercial,Cadre Commercial,2,80,6,2,2
184,30,M,6347,MariÃ©(e),Ressources Humaines,Ressources Humaines,0,80,12,11,9
190,32,F,4200,CÃ©libataire,Consulting,Consultant,7,80,10,5,4
192,45,M,3452,CÃ©libataire,Consulting,Assistant de Direction,5,80,9,6,5
193,38,F,4317,CÃ©libataire,Consulting,Assistant de Direction,3,80,19,3,2
194,30,F,2632,CÃ©libataire,Consulting,Assistant de Direction,1,80,5,5,4
195,32,M,4668,DivorcÃ©(e),Commercial,Cadre Commercial,0,80,9,8,7
197,30,F,3204,DivorcÃ©(e),Consulting,Assistant de Direction,5,80,8,3,2
198,30,M,2720,CÃ©libataire,Consulting,Consultant,0,80,6,5,3
199,41,M,17181,DivorcÃ©(e),Consulting,Senior Manager,4,80,21,7,6
200,41,M,2238,MariÃ©(e),Consulting,Consultant,2,80,7,5,0
201,19,F,1483,CÃ©libataire,Consulting,Consultant,1,80,1,1,0
202,40,F,5605,DivorcÃ©(e),Consulting,Assistant de Direction,1,80,20,20,7
204,35,M,7295,MariÃ©(e),Commercial,Cadre Commercial,1,80,10,10,8
205,53,M,2306,MariÃ©(e),Commercial,ReprÃ©sentant Commercial,2,80,13,7,7
206,45,M,2348,DivorcÃ©(e),Consulting,Consultant,8,80,20,17,9
207,32,F,8998,CÃ©libataire,Commercial,Cadre Commercial,1,80,9,9,8
208,29,M,4319,MariÃ©(e),Consulting,Tech Lead,1,80,10,10,7
211,51,M,6132,MariÃ©(e),Consulting,Tech Lead,2,80,10,1,0
214,58,F,3346,MariÃ©(e),Consulting,Assistant de Direction,4,80,9,1,0
215,40,M,10855,MariÃ©(e),Commercial,Cadre Commercial,7,80,15,12,11
216,34,F,2231,MariÃ©(e),Commercial,ReprÃ©sentant Commercial,6,80,6,4,3
217,22,M,2323,MariÃ©(e),Consulting,Assistant de Direction,1,80,2,2,2
218,27,M,2024,DivorcÃ©(e),Consulting,Assistant de Direction,6,80,6,2,2
221,28,M,2713,MariÃ©(e),Consulting,Assistant de Direction,1,80,5,5,2
223,57,M,9439,DivorcÃ©(e),Consulting,Manager,3,80,12,5,3
224,27,M,2566,DivorcÃ©(e),Consulting,Assistant de Direction,1,80,1,1,1
226,50,F,19926,CÃ©libataire,Consulting,Senior Manager,3,80,21,5,4
227,41,M,2451,DivorcÃ©(e),Consulting,Assistant de Direction,4,80,13,9,8
228,30,F,9419,MariÃ©(e),Commercial,Cadre Commercial,2,80,12,10,9
230,38,F,8686,CÃ©libataire,Commercial,Cadre Commercial,4,80,12,8,3
231,32,M,3038,CÃ©libataire,Consulting,Assistant de Direction,3,80,8,5,4
233,27,M,3058,MariÃ©(e),Consulting,Assistant de Direction,0,80,6,5,2
235,19,F,2325,CÃ©libataire,Commercial,ReprÃ©sentant Commercial,0,80,1,0,0
238,36,M,2088,CÃ©libataire,Consulting,Consultant,4,80,13,8,7
239,30,M,3072,DivorcÃ©(e),Consulting,Consultant,1,80,12,12,9
240,45,F,5006,DivorcÃ©(e),Commercial,Cadre Commercial,4,80,9,5,4
241,56,F,4257,DivorcÃ©(e),Consulting,Assistant de Direction,4,80,19,2,2
242,33,M,2500,CÃ©libataire,Consulting,Assistant de Direction,0,80,4,3,1
243,19,M,1102,CÃ©libataire,Consulting,Consultant,1,80,1,1,0
244,46,F,10453,DivorcÃ©(e),Commercial,Cadre Commercial,1,80,24,24,13
245,38,F,2288,CÃ©libataire,Consulting,Consultant,1,80,2,2,2
246,31,F,3929,MariÃ©(e),Consulting,Assistant de Direction,8,80,7,4,2
247,34,F,2311,CÃ©libataire,Consulting,Assistant de Direction,2,80,9,3,2
248,41,F,3140,CÃ©libataire,Commercial,ReprÃ©sentant Commercial,1,80,4,4,3
249,50,M,3690,MariÃ©(e),Consulting,Consultant,2,80,5,3,2
250,53,F,4450,DivorcÃ©(e),Consulting,Tech Lead,1,80,5,4,2
252,33,F,2756,MariÃ©(e),Consulting,Assistant de Direction,1,80,8,8,7
253,40,F,19033,MariÃ©(e),Consulting,Senior Manager,1,80,21,20,8
254,55,M,18722,CÃ©libataire,Consulting,Directeur Technique,8,80,36,24,15
256,34,M,9547,MariÃ©(e),Consulting,Tech Lead,1,80,10,10,9
258,51,F,13734,CÃ©libataire,Consulting,Manager,3,80,21,7,7
259,52,M,19999,MariÃ©(e),Consulting,Senior Manager,0,80,34,33,18
260,27,F,2279,CÃ©libataire,Consulting,Assistant de Direction,1,80,7,7,7
261,35,M,5916,MariÃ©(e),Consulting,Tech Lead,3,80,8,1,0
262,43,M,2089,DivorcÃ©(e),Consulting,Assistant de Direction,4,80,7,5,4
264,45,M,16792,MariÃ©(e),Consulting,Senior Manager,9,80,22,20,8
267,37,M,3564,MariÃ©(e),Consulting,Assistant de Direction,1,80,8,8,7
269,35,F,4425,CÃ©libataire,Consulting,Consultant,5,80,10,6,2
270,42,F,5265,DivorcÃ©(e),Consulting,Tech Lead,2,80,11,5,3
271,38,M,6553,MariÃ©(e),Consulting,Tech Lead,9,80,14,1,0
273,38,M,6261,MariÃ©(e),Consulting,Tech Lead,3,80,9,7,7
274,27,M,4298,MariÃ©(e),Consulting,Tech Lead,5,80,6,2,2
275,49,M,6804,DivorcÃ©(e),Consulting,Tech Lead,1,80,7,7,7
277,34,M,3815,DivorcÃ©(e),Consulting,Assistant de Direction,1,80,5,5,3
281,40,M,2741,MariÃ©(e),Consulting,Consultant,8,80,15,7,2
282,38,M,6673,MariÃ©(e),Consulting,Manager,7,80,17,1,0
283,29,F,7639,MariÃ©(e),Commercial,Cadre Commercial,1,80,10,10,4
284,22,M,2328,DivorcÃ©(e),Consulting,Assistant de Direction,1,80,4,4,2
286,36,F,2153,CÃ©libataire,Consulting,Consultant,1,80,8,8,1
287,40,M,4876,MariÃ©(e),Consulting,Manager,9,80,5,3,2
288,46,M,9396,DivorcÃ©(e),Consulting,Manager,7,80,17,4,2
291,32,M,10400,MariÃ©(e),Commercial,Cadre Commercial,1,80,14,14,8
292,30,M,8474,CÃ©libataire,Consulting,Tech Lead,1,80,12,11,8
293,27,F,9981,CÃ©libataire,Commercial,Cadre Commercial,1,80,7,7,7
296,51,M,12490,MariÃ©(e),Consulting,Directeur Technique,5,80,16,10,9
297,30,F,2657,CÃ©libataire,Consulting,Assistant de Direction,5,80,8,5,2
298,41,F,13591,CÃ©libataire,Commercial,Senior Manager,3,80,16,1,0
299,30,F,6696,CÃ©libataire,Commercial,Cadre Commercial,5,80,9,6,3
300,29,M,2058,CÃ©libataire,Consulting,Assistant de Direction,0,80,7,6,2
302,45,F,8865,CÃ©libataire,Commercial,Cadre Commercial,6,80,23,19,7
303,54,F,5940,MariÃ©(e),Commercial,Cadre Commercial,2,80,16,6,2
304,36,M,5914,CÃ©libataire,Consulting,Consultant,8,80,16,13,11
305,33,F,2622,MariÃ©(e),Consulting,Assistant de Direction,6,80,7,3,2
306,37,M,12185,DivorcÃ©(e),Consulting,Directeur Technique,1,80,10,10,8
307,38,M,10609,DivorcÃ©(e),Commercial,Cadre Commercial,0,80,17,16,10
308,31,M,4345,MariÃ©(e),Consulting,Tech Lead,0,80,6,5,4
309,59,M,2177,MariÃ©(e),Consulting,Assistant de Direction,3,80,7,1,0
311,37,M,2793,DivorcÃ©(e),Commercial,ReprÃ©sentant Commercial,4,80,13,9,8
312,29,F,7918,MariÃ©(e),Commercial,Cadre Commercial,1,80,11,11,10
314,35,F,8789,CÃ©libataire,Commercial,Cadre Commercial,1,80,10,10,7
315,29,M,2389,CÃ©libataire,Consulting,Assistant de Direction,1,80,4,4,3
316,52,F,3212,CÃ©libataire,Consulting,Consultant,7,80,6,2,2
319,42,M,19232,MariÃ©(e),Consulting,Senior Manager,1,80,22,22,17
321,59,M,2267,MariÃ©(e),Ressources Humaines,Ressources Humaines,8,80,7,2,2
323,50,F,19517,DivorcÃ©(e),Commercial,Senior Manager,3,80,32,7,0
325,33,M,2436,MariÃ©(e),Consulting,Consultant,5,80,8,5,4
327,43,F,16064,MariÃ©(e),Commercial,Senior Manager,5,80,22,17,13
328,33,F,2707,MariÃ©(e),Consulting,Consultant,7,80,13,9,7
329,52,M,19068,CÃ©libataire,Commercial,Senior Manager,1,80,33,33,7
330,32,F,3931,MariÃ©(e),Commercial,ReprÃ©sentant Commercial,2,80,6,4,3
331,32,M,3730,CÃ©libataire,Consulting,Consultant,0,80,4,3,2
332,39,F,2232,DivorcÃ©(e),Consulting,Consultant,7,80,7,3,2
333,32,M,4465,MariÃ©(e),Commercial,Cadre Commercial,0,80,4,3,2
334,41,M,3072,DivorcÃ©(e),Consulting,Assistant de Direction,2,80,17,1,0
335,40,M,3319,DivorcÃ©(e),Consulting,Assistant de Direction,1,80,9,9,8
336,45,M,19202,MariÃ©(e),Consulting,Senior Manager,0,80,25,24,0
337,31,M,13675,DivorcÃ©(e),Consulting,Directeur Technique,9,80,9,2,2
338,33,F,2911,MariÃ©(e),Consulting,Assistant de Direction,1,80,2,2,2
339,34,M,5957,MariÃ©(e),Consulting,Tech Lead,6,80,13,11,9
340,37,F,3920,MariÃ©(e),Consulting,Assistant de Direction,2,80,17,3,1
341,45,M,6434,MariÃ©(e),Consulting,Tech Lead,4,80,9,3,2
342,37,M,10048,DivorcÃ©(e),Consulting,Tech Lead,6,80,17,1,0
343,39,F,10938,CÃ©libataire,Consulting,Manager,0,80,20,19,6
346,29,M,2340,CÃ©libataire,Consulting,Assistant de Direction,1,80,6,6,5
347,42,F,6545,CÃ©libataire,Consulting,Assistant de Direction,3,80,10,3,2
349,29,M,6931,DivorcÃ©(e),Commercial,Cadre Commercial,2,80,10,3,2
350,25,F,4898,MariÃ©(e),Consulting,Tech Lead,0,80,5,4,2
351,42,F,2593,DivorcÃ©(e),Consulting,Consultant,0,80,10,9,6
352,40,M,19436,DivorcÃ©(e),Consulting,Directeur Technique,0,80,22,21,7
353,51,M,2723,MariÃ©(e),Consulting,Assistant de Direction,1,80,1,1,0
355,31,M,3479,CÃ©libataire,Consulting,Consultant,0,80,6,5,4
359,32,M,2794,MariÃ©(e),Consulting,Consultant,1,80,5,5,1
361,38,M,5249,MariÃ©(e),Commercial,Cadre Commercial,3,80,13,8,7
362,32,M,2176,CÃ©libataire,Consulting,Consultant,4,80,9,6,2
363,46,F,16872,MariÃ©(e),Commercial,Senior Manager,3,80,28,7,7
364,28,M,3485,CÃ©libataire,Consulting,Consultant,2,80,5,0,0
366,29,M,6644,MariÃ©(e),Commercial,Cadre Commercial,2,80,10,0,0
367,31,M,5582,MariÃ©(e),Consulting,Manager,0,80,10,9,0
369,25,M,4000,DivorcÃ©(e),Consulting,Manager,1,80,6,6,3
372,45,M,13496,MariÃ©(e),Consulting,Manager,0,80,21,20,7
373,36,M,3210,MariÃ©(e),Consulting,Consultant,0,80,16,15,13
374,55,M,19045,CÃ©libataire,Consulting,Senior Manager,0,80,37,36,10
376,47,M,11849,MariÃ©(e),Consulting,Senior Manager,1,80,10,10,7
377,28,M,2070,MariÃ©(e),Consulting,Assistant de Direction,1,80,5,5,2
378,37,M,6502,MariÃ©(e),Commercial,Cadre Commercial,4,80,7,5,4
379,21,M,3230,CÃ©libataire,Consulting,Assistant de Direction,1,80,3,3,2
380,37,F,13603,DivorcÃ©(e),Consulting,Directeur Technique,2,80,15,5,2
381,35,F,11996,DivorcÃ©(e),Consulting,Senior Manager,7,80,10,7,7
382,38,F,5605,DivorcÃ©(e),Commercial,Cadre Commercial,1,80,8,8,0
384,26,F,6397,DivorcÃ©(e),Consulting,Tech Lead,1,80,6,6,5
385,50,M,19144,DivorcÃ©(e),Consulting,Directeur Technique,3,80,28,10,4
386,53,M,17584,MariÃ©(e),Consulting,Directeur Technique,3,80,21,5,3
387,42,M,4907,MariÃ©(e),Commercial,Cadre Commercial,1,80,20,20,16
388,29,M,4554,CÃ©libataire,Commercial,Cadre Commercial,1,80,10,10,7
389,55,M,5415,MariÃ©(e),Consulting,Consultant,3,80,12,10,7
390,26,M,4741,MariÃ©(e),Consulting,Manager,1,80,5,5,3
391,37,F,2115,CÃ©libataire,Consulting,Assistant de Direction,1,80,17,17,12
392,44,M,3161,DivorcÃ©(e),Consulting,Consultant,3,80,19,1,0
393,38,M,5745,DivorcÃ©(e),Consulting,Manager,9,80,10,2,2
394,26,M,2373,DivorcÃ©(e),Consulting,Consultant,2,80,5,3,2
395,28,F,3310,CÃ©libataire,Consulting,Assistant de Direction,1,80,5,5,3
396,49,F,18665,CÃ©libataire,Consulting,Directeur Technique,9,80,22,3,2
397,36,M,4485,CÃ©libataire,Consulting,Assistant de Direction,4,80,10,8,0
399,31,F,2789,DivorcÃ©(e),Commercial,ReprÃ©sentant Commercial,1,80,2,2,2
401,26,M,5828,CÃ©libataire,Commercial,Cadre Commercial,1,80,8,8,7
403,37,M,2326,MariÃ©(e),Consulting,Assistant de Direction,1,80,4,4,2
404,42,F,13525,MariÃ©(e),Commercial,Cadre Commercial,5,80,23,20,4
405,18,M,1420,CÃ©libataire,Consulting,Consultant,1,80,0,0,0
406,35,M,8020,MariÃ©(e),Commercial,Cadre Commercial,0,80,12,11,9
407,36,M,3688,MariÃ©(e),Consulting,Consultant,4,80,4,1,0
408,51,M,5482,DivorcÃ©(e),Consulting,Tech Lead,5,80,13,4,1
410,41,M,16015,CÃ©libataire,Commercial,Senior Manager,1,80,22,22,10
411,18,F,1200,CÃ©libataire,Commercial,ReprÃ©sentant Commercial,1,80,0,0,0
412,28,M,5661,CÃ©libataire,Consulting,Manager,0,80,9,8,3
416,31,M,6929,MariÃ©(e),Commercial,Cadre Commercial,4,80,10,8,7
417,39,M,9613,DivorcÃ©(e),Consulting,Manager,0,80,19,18,10
419,36,F,5674,MariÃ©(e),Consulting,Consultant,7,80,11,9,8
420,32,M,5484,MariÃ©(e),Commercial,Cadre Commercial,1,80,13,13,8
421,38,F,12061,MariÃ©(e),Consulting,Directeur Technique,3,80,19,10,8
422,58,M,5660,DivorcÃ©(e),Consulting,Manager,2,80,12,5,3
423,31,M,4821,MariÃ©(e),Consulting,Assistant de Direction,0,80,6,5,2
424,31,M,6410,MariÃ©(e),Ressources Humaines,Ressources Humaines,3,80,9,2,2
425,45,M,5210,DivorcÃ©(e),Consulting,Consultant,1,80,24,24,9
426,31,M,2695,DivorcÃ©(e),Consulting,Assistant de Direction,0,80,3,2,2
428,33,F,11878,MariÃ©(e),Consulting,Senior Manager,6,80,12,10,6
429,39,M,17068,MariÃ©(e),Consulting,Senior Manager,1,80,21,21,9
430,43,F,2455,CÃ©libataire,Consulting,Consultant,0,80,9,8,7
431,49,F,13964,CÃ©libataire,Consulting,Manager,7,80,25,7,1
433,52,M,4941,MariÃ©(e),Consulting,Assistant de Direction,2,80,11,8,2
434,27,F,2478,CÃ©libataire,Consulting,Assistant de Direction,1,80,4,4,3
436,32,F,5228,MariÃ©(e),Commercial,Cadre Commercial,1,80,13,13,12
437,27,M,4478,CÃ©libataire,Commercial,Cadre Commercial,1,80,5,5,4
438,31,M,7547,DivorcÃ©(e),Commercial,Cadre Commercial,4,80,13,7,7
439,32,F,5055,CÃ©libataire,Consulting,Assistant de Direction,7,80,10,7,7
440,28,M,3464,MariÃ©(e),Consulting,Assistant de Direction,5,80,5,3,2
441,30,F,5775,MariÃ©(e),Consulting,Assistant de Direction,1,80,11,10,8
442,31,F,8943,MariÃ©(e),Consulting,Tech Lead,1,80,10,10,9
444,39,M,19272,MariÃ©(e),Consulting,Senior Manager,1,80,21,21,9
445,39,F,5238,MariÃ©(e),Commercial,Cadre Commercial,4,80,12,1,0
446,33,M,4682,CÃ©libataire,Commercial,Cadre Commercial,3,80,9,7,7
447,47,M,18300,MariÃ©(e),Consulting,Directeur Technique,4,80,21,3,2
448,43,F,5257,DivorcÃ©(e),Consulting,Consultant,1,80,9,9,7
449,27,M,6349,MariÃ©(e),Commercial,Cadre Commercial,0,80,6,5,4
450,54,F,4869,CÃ©libataire,Consulting,Assistant de Direction,3,80,20,4,3
451,43,F,9985,MariÃ©(e),Consulting,Manager,8,80,10,1,0
452,45,M,3697,MariÃ©(e),Consulting,Assistant de Direction,9,80,12,10,9
453,40,M,7457,MariÃ©(e),Commercial,Cadre Commercial,2,80,6,4,3
454,29,M,2119,MariÃ©(e),Consulting,Consultant,1,80,7,7,7
455,29,M,3983,CÃ©libataire,Consulting,Consultant,0,80,4,3,2
456,30,F,6118,DivorcÃ©(e),Commercial,Cadre Commercial,1,80,10,10,9
458,27,F,6214,MariÃ©(e),Commercial,Cadre Commercial,1,80,8,8,7
460,37,M,6347,DivorcÃ©(e),Consulting,Tech Lead,7,80,8,6,2
461,38,M,11510,DivorcÃ©(e),Consulting,Directeur Technique,0,80,12,11,10
462,31,F,7143,CÃ©libataire,Consulting,Tech Lead,1,80,11,11,9
463,29,F,8268,DivorcÃ©(e),Commercial,Cadre Commercial,1,80,7,7,7
464,35,M,8095,CÃ©libataire,Consulting,Tech Lead,0,80,17,16,6
465,23,M,2904,DivorcÃ©(e),Consulting,Assistant de Direction,1,80,4,4,2
466,41,M,6032,CÃ©libataire,Consulting,Tech Lead,6,80,8,5,4
467,47,M,2976,CÃ©libataire,Commercial,ReprÃ©sentant Commercial,3,80,5,0,0
468,42,F,15992,CÃ©libataire,Consulting,Directeur Technique,2,80,16,1,0
469,29,M,4649,MariÃ©(e),Commercial,Cadre Commercial,1,80,4,4,3
470,42,M,2696,DivorcÃ©(e),Ressources Humaines,Ressources Humaines,0,80,4,3,2
471,32,F,2370,MariÃ©(e),Consulting,Consultant,1,80,8,8,0
473,48,F,12504,MariÃ©(e),Commercial,Senior Manager,3,80,15,0,0
474,37,M,5974,DivorcÃ©(e),Consulting,Assistant de Direction,4,80,13,7,7
475,30,F,4736,MariÃ©(e),Commercial,Cadre Commercial,7,80,4,2,2
476,26,M,5296,MariÃ©(e),Commercial,Cadre Commercial,1,80,8,8,7
477,42,M,6781,CÃ©libataire,Consulting,Manager,3,80,14,1,0
478,21,F,2174,CÃ©libataire,Commercial,ReprÃ©sentant Commercial,1,80,3,3,2
479,36,F,6653,CÃ©libataire,Commercial,Cadre Commercial,4,80,7,1,0
481,36,M,9699,MariÃ©(e),Commercial,Cadre Commercial,4,80,16,13,9
482,57,M,6755,MariÃ©(e),Consulting,Manager,2,80,15,3,2
483,40,F,2213,MariÃ©(e),Consulting,Consultant,3,80,10,7,7
484,21,M,2610,CÃ©libataire,Commercial,ReprÃ©sentant Commercial,1,80,3,3,2
485,33,F,2851,CÃ©libataire,Commercial,ReprÃ©sentant Commercial,1,80,1,1,0
486,37,F,3452,MariÃ©(e),Consulting,Consultant,6,80,17,5,4
487,46,F,5258,MariÃ©(e),Consulting,Tech Lead,2,80,7,1,0
488,41,M,9355,CÃ©libataire,Commercial,Cadre Commercial,1,80,8,8,7
491,50,M,10496,CÃ©libataire,Consulting,Manager,6,80,20,4,3
492,40,M,6380,MariÃ©(e),Commercial,Cadre Commercial,2,80,8,6,4
493,31,M,2657,CÃ©libataire,Consulting,Assistant de Direction,0,80,3,2,2
494,21,F,2716,CÃ©libataire,Commercial,ReprÃ©sentant Commercial,1,80,1,1,0
495,29,M,2201,CÃ©libataire,Consulting,Assistant de Direction,9,80,6,3,2
496,35,M,6540,CÃ©libataire,Consulting,Manager,9,80,10,1,1
497,27,M,3816,DivorcÃ©(e),Consulting,Consultant,1,80,5,5,2
498,28,M,5253,CÃ©libataire,Commercial,Cadre Commercial,1,80,7,7,5
499,49,M,10965,CÃ©libataire,Consulting,Manager,8,80,26,5,2
500,51,F,4936,MariÃ©(e),Commercial,Cadre Commercial,4,80,18,7,7
501,36,F,2543,MariÃ©(e),Consulting,Assistant de Direction,4,80,6,2,2
502,34,M,5304,CÃ©libataire,Commercial,Cadre Commercial,8,80,9,5,2
505,55,F,16659,CÃ©libataire,Consulting,Senior Manager,2,80,30,5,4
507,24,F,4260,DivorcÃ©(e),Commercial,Cadre Commercial,1,80,5,5,2
508,30,M,2476,MariÃ©(e),Commercial,ReprÃ©sentant Commercial,1,80,1,1,0
510,26,M,3102,CÃ©libataire,Consulting,Assistant de Direction,0,80,7,6,4
511,22,F,2244,MariÃ©(e),Consulting,Assistant de Direction,1,80,2,2,1
513,36,M,7596,MariÃ©(e),Commercial,Cadre Commercial,1,80,10,10,9
514,30,M,2285,CÃ©libataire,Consulting,Assistant de Direction,9,80,3,1,0
515,37,F,3034,DivorcÃ©(e),Consulting,Consultant,1,80,18,18,7
516,40,F,5715,DivorcÃ©(e),Commercial,Cadre Commercial,7,80,8,5,4
517,42,F,2576,DivorcÃ©(e),Consulting,Consultant,3,80,8,5,2
518,37,M,4197,CÃ©libataire,Consulting,Tech Lead,2,80,18,1,0
520,43,M,14336,DivorcÃ©(e),Consulting,Directeur Technique,1,80,25,25,10
521,40,F,3448,MariÃ©(e),Consulting,Consultant,6,80,20,1,0
522,54,M,19406,MariÃ©(e),Consulting,Directeur Technique,4,80,24,4,2
523,34,F,6538,MariÃ©(e),Commercial,Cadre Commercial,9,80,6,3,2
524,31,F,4306,MariÃ©(e),Consulting,Tech Lead,1,80,13,13,10
525,43,M,2258,MariÃ©(e),Consulting,Consultant,7,80,8,3,2
526,43,F,4522,DivorcÃ©(e),Consulting,Manager,4,80,8,5,2
527,25,F,4487,CÃ©libataire,Commercial,Cadre Commercial,1,80,5,5,4
529,37,F,4449,MariÃ©(e),Consulting,Assistant de Direction,3,80,15,13,11
530,31,M,2218,MariÃ©(e),Consulting,Consultant,1,80,4,4,2
531,39,M,19197,DivorcÃ©(e),Consulting,Senior Manager,1,80,21,21,8
532,56,F,13212,MariÃ©(e),Commercial,Cadre Commercial,9,80,36,7,7
533,30,F,6577,CÃ©libataire,Commercial,Cadre Commercial,0,80,6,5,4
534,41,M,8392,MariÃ©(e),Commercial,Cadre Commercial,1,80,10,10,7
536,28,M,4558,DivorcÃ©(e),Consulting,Consultant,1,80,10,10,0
538,25,M,4031,MariÃ©(e),Consulting,Consultant,5,80,6,2,2
543,52,M,7969,MariÃ©(e),Consulting,Tech Lead,2,80,28,5,4
544,45,M,2654,MariÃ©(e),Consulting,Assistant de Direction,3,80,8,2,2
546,52,F,16555,MariÃ©(e),Consulting,Senior Manager,2,80,31,5,2
547,42,F,4556,DivorcÃ©(e),Consulting,Assistant de Direction,2,80,19,5,4
548,30,F,6091,CÃ©libataire,Consulting,Tech Lead,2,80,11,5,4
549,60,F,19566,MariÃ©(e),Consulting,Senior Manager,5,80,33,29,8
550,46,F,4810,DivorcÃ©(e),Consulting,Tech Lead,2,80,19,10,7
551,42,F,4523,MariÃ©(e),Consulting,Manager,0,80,7,6,5
554,24,F,3202,CÃ©libataire,Commercial,ReprÃ©sentant Commercial,1,80,6,5,3
555,34,F,2351,DivorcÃ©(e),Commercial,ReprÃ©sentant Commercial,0,80,3,2,2
556,38,M,1702,MariÃ©(e),Consulting,Consultant,1,80,1,1,0
558,40,F,18041,MariÃ©(e),Commercial,Senior Manager,0,80,21,20,15
560,26,F,2886,DivorcÃ©(e),Consulting,Assistant de Direction,1,80,3,3,2
562,30,M,2097,MariÃ©(e),Consulting,Consultant,4,80,9,5,3
564,29,M,11935,MariÃ©(e),Consulting,Directeur Technique,1,80,10,10,2
565,29,F,2546,MariÃ©(e),Consulting,Assistant de Direction,5,80,6,2,2
566,19,M,2564,CÃ©libataire,Ressources Humaines,Ressources Humaines,1,80,1,1,0
567,30,F,8412,MariÃ©(e),Commercial,Cadre Commercial,0,80,10,9,8
568,57,M,14118,DivorcÃ©(e),Commercial,Senior Manager,3,80,32,1,0
569,50,M,17046,MariÃ©(e),Consulting,Senior Manager,0,80,28,27,10
571,30,F,2564,CÃ©libataire,Consulting,Consultant,0,80,12,11,7
573,60,F,10266,MariÃ©(e),Commercial,Cadre Commercial,4,80,22,18,13
574,47,F,5070,DivorcÃ©(e),Consulting,Tech Lead,5,80,20,5,0
575,46,M,17861,MariÃ©(e),Consulting,Directeur Technique,6,80,26,3,2
577,35,M,4230,CÃ©libataire,Consulting,Consultant,0,80,6,5,4
578,54,F,3780,CÃ©libataire,Consulting,Consultant,7,80,19,1,0
579,34,M,2768,DivorcÃ©(e),Consulting,Assistant de Direction,3,80,14,7,3
580,46,F,9071,MariÃ©(e),Commercial,Cadre Commercial,2,80,15,3,2
581,31,M,10648,DivorcÃ©(e),Consulting,Tech Lead,1,80,13,13,8
582,33,M,13610,MariÃ©(e),Consulting,Senior Manager,7,80,15,7,6
584,33,M,3408,DivorcÃ©(e),Consulting,Consultant,7,80,8,4,3
585,30,M,2983,CÃ©libataire,Commercial,ReprÃ©sentant Commercial,0,80,4,3,2
586,35,M,7632,MariÃ©(e),Consulting,Manager,4,80,10,8,7
587,31,M,9824,MariÃ©(e),Consulting,Manager,3,80,12,1,0
590,34,F,9950,DivorcÃ©(e),Ressources Humaines,Ressources Humaines,9,80,11,3,2
591,42,M,2093,MariÃ©(e),Consulting,Consultant,4,80,8,2,2
592,36,M,9980,CÃ©libataire,Commercial,Cadre Commercial,1,80,10,10,3
593,22,M,3894,CÃ©libataire,Consulting,Consultant,5,80,4,2,2
595,48,F,4051,MariÃ©(e),Commercial,Cadre Commercial,2,80,14,9,7
597,55,F,16835,CÃ©libataire,Commercial,Senior Manager,3,80,37,10,9
599,41,M,6230,CÃ©libataire,Commercial,Cadre Commercial,7,80,16,14,3
600,35,M,4717,MariÃ©(e),Commercial,Cadre Commercial,9,80,15,11,9
601,40,F,13237,CÃ©libataire,Consulting,Tech Lead,7,80,22,20,6
602,39,F,3755,MariÃ©(e),Consulting,Consultant,1,80,8,8,3
604,31,M,6582,CÃ©libataire,Commercial,Cadre Commercial,4,80,10,6,5
605,42,M,7406,MariÃ©(e),Consulting,Tech Lead,1,80,10,10,9
606,45,M,4805,MariÃ©(e),Commercial,Cadre Commercial,0,80,9,8,7
608,26,F,2741,DivorcÃ©(e),Ressources Humaines,Ressources Humaines,0,80,8,7,7
611,29,M,4262,DivorcÃ©(e),Consulting,Tech Lead,4,80,8,3,2
612,33,F,16184,DivorcÃ©(e),Consulting,Directeur Technique,4,80,10,6,1
613,31,M,11557,DivorcÃ©(e),Commercial,Senior Manager,9,80,10,5,4
614,18,M,1878,CÃ©libataire,Commercial,ReprÃ©sentant Commercial,1,80,0,0,0
615,40,M,10932,DivorcÃ©(e),Commercial,Cadre Commercial,3,80,20,1,0
616,41,F,6811,CÃ©libataire,Consulting,Manager,2,80,10,8,7
618,26,M,4306,DivorcÃ©(e),Commercial,Cadre Commercial,5,80,8,0,0
620,35,F,4859,CÃ©libataire,Commercial,Cadre Commercial,1,80,5,5,4
621,34,M,5337,CÃ©libataire,Commercial,Cadre Commercial,1,80,10,10,7
622,26,M,2340,CÃ©libataire,Consulting,Consultant,1,80,1,1,0
623,37,F,7491,CÃ©libataire,Consulting,Tech Lead,4,80,12,6,5
624,46,F,10527,MariÃ©(e),Consulting,Manager,5,80,28,2,2
625,41,F,16595,MariÃ©(e),Commercial,Senior Manager,7,80,22,18,16
626,37,M,8834,DivorcÃ©(e),Commercial,Cadre Commercial,1,80,9,9,5
630,52,M,5577,DivorcÃ©(e),Consulting,Assistant de Direction,3,80,18,10,9
631,32,M,4707,MariÃ©(e),Commercial,Cadre Commercial,8,80,6,4,2
632,24,M,2400,MariÃ©(e),Commercial,ReprÃ©sentant Commercial,0,80,3,2,2
634,38,F,9824,MariÃ©(e),Consulting,Manager,3,80,18,1,0
635,37,F,6447,MariÃ©(e),Consulting,Tech Lead,6,80,8,6,5
638,49,M,19502,DivorcÃ©(e),Consulting,Directeur Technique,1,80,31,31,9
639,24,M,2725,MariÃ©(e),Consulting,Assistant de Direction,1,80,6,6,5
641,26,M,6272,MariÃ©(e),Commercial,Cadre Commercial,1,80,6,5,3
643,24,M,2127,MariÃ©(e),Consulting,Consultant,1,80,1,1,0
644,50,M,18200,MariÃ©(e),Ressources Humaines,Senior Manager,1,80,32,32,5
645,25,M,2096,MariÃ©(e),Commercial,ReprÃ©sentant Commercial,1,80,7,7,4
647,24,F,2886,MariÃ©(e),Consulting,Consultant,1,80,6,6,3
648,30,M,2033,MariÃ©(e),Commercial,ReprÃ©sentant Commercial,1,80,1,1,0
649,34,M,3622,MariÃ©(e),Consulting,Assistant de Direction,1,80,6,6,5
650,31,M,4233,DivorcÃ©(e),Commercial,Cadre Commercial,2,80,9,3,1
652,35,M,3681,CÃ©libataire,Consulting,Consultant,4,80,9,3,2
653,31,M,5460,DivorcÃ©(e),Commercial,Cadre Commercial,4,80,13,7,7
655,27,F,2187,DivorcÃ©(e),Consulting,Assistant de Direction,0,80,6,5,3
656,37,M,9602,MariÃ©(e),Commercial,Cadre Commercial,4,80,17,3,0
657,20,F,2836,CÃ©libataire,Consulting,Assistant de Direction,1,80,1,1,0
659,42,F,4089,MariÃ©(e),Consulting,Manager,1,80,10,10,2
661,43,M,16627,DivorcÃ©(e),Consulting,Directeur Technique,4,80,21,1,0
662,38,F,2619,CÃ©libataire,Consulting,Assistant de Direction,3,80,8,0,0
663,43,M,5679,DivorcÃ©(e),Consulting,Consultant,3,80,10,8,7
664,48,F,15402,MariÃ©(e),Consulting,Senior Manager,7,80,21,3,2
665,44,F,5985,CÃ©libataire,Ressources Humaines,Ressources Humaines,4,80,10,2,2
666,34,F,2579,DivorcÃ©(e),Commercial,ReprÃ©sentant Commercial,1,80,8,8,2
667,27,M,3041,DivorcÃ©(e),Commercial,ReprÃ©sentant Commercial,0,80,5,4,3
669,21,M,3447,CÃ©libataire,Commercial,ReprÃ©sentant Commercial,1,80,3,3,2
671,44,M,19513,MariÃ©(e),Consulting,Senior Manager,4,80,26,2,2
675,22,M,2773,MariÃ©(e),Consulting,Assistant de Direction,0,80,3,2,2
677,33,M,7104,DivorcÃ©(e),Commercial,Cadre Commercial,0,80,6,5,0
679,32,F,6322,MariÃ©(e),Consulting,Assistant de Direction,1,80,6,6,4
680,30,F,2083,DivorcÃ©(e),Consulting,Assistant de Direction,1,80,1,1,0
682,53,F,8381,CÃ©libataire,Commercial,Cadre Commercial,7,80,18,14,7
683,34,M,2691,MariÃ©(e),Consulting,Assistant de Direction,1,80,10,10,9
684,45,F,4286,MariÃ©(e),Commercial,Cadre Commercial,2,80,5,1,1
686,26,F,2659,MariÃ©(e),Consulting,Consultant,1,80,3,3,2
689,37,M,9434,MariÃ©(e),Consulting,Tech Lead,1,80,10,10,7
690,29,F,5561,MariÃ©(e),Commercial,Cadre Commercial,1,80,6,6,0
691,35,M,6646,CÃ©libataire,Consulting,Assistant de Direction,1,80,17,17,11
692,33,M,7725,DivorcÃ©(e),Consulting,Manager,3,80,15,13,11
698,54,M,10725,MariÃ©(e),Ressources Humaines,Ressources Humaines,2,80,16,9,7
699,36,M,8847,DivorcÃ©(e),Consulting,Tech Lead,2,80,13,3,2
700,27,M,2045,CÃ©libataire,Consulting,Assistant de Direction,0,80,5,4,2
701,20,M,1009,CÃ©libataire,Consulting,Assistant de Direction,1,80,1,1,0
702,33,M,3348,CÃ©libataire,Consulting,Assistant de Direction,1,80,10,10,8
704,35,M,1281,MariÃ©(e),Consulting,Consultant,1,80,1,1,0
705,23,M,2819,MariÃ©(e),Consulting,Assistant de Direction,2,80,5,3,2
707,25,M,4851,MariÃ©(e),Commercial,Cadre Commercial,0,80,4,3,2
709,38,F,4028,CÃ©libataire,Commercial,Cadre Commercial,0,80,8,7,7
710,29,M,2720,DivorcÃ©(e),Consulting,Assistant de Direction,1,80,10,10,7
712,48,M,8120,MariÃ©(e),Commercial,Cadre Commercial,3,80,12,2,2
714,27,F,4647,DivorcÃ©(e),Commercial,Cadre Commercial,1,80,6,6,5
715,37,M,4680,CÃ©libataire,Consulting,Assistant de Direction,3,80,4,1,0
716,50,M,3221,MariÃ©(e),Consulting,Consultant,1,80,20,20,8
717,34,F,8621,CÃ©libataire,Consulting,Manager,1,80,9,8,7
720,24,F,4577,CÃ©libataire,Commercial,Cadre Commercial,9,80,4,2,2
721,39,F,4553,CÃ©libataire,Consulting,Manager,1,80,20,20,7
722,32,M,5396,CÃ©libataire,Commercial,Cadre Commercial,1,80,10,10,7
723,50,M,6796,MariÃ©(e),Commercial,Cadre Commercial,3,80,18,4,3
724,38,F,7625,CÃ©libataire,Consulting,Manager,0,80,10,9,7
725,27,F,7412,MariÃ©(e),Consulting,Tech Lead,1,80,9,9,7
727,32,F,11159,CÃ©libataire,Consulting,Directeur Technique,3,80,10,7,7
728,47,M,4960,CÃ©libataire,Commercial,Cadre Commercial,2,80,20,7,7
729,40,M,10475,MariÃ©(e),Commercial,Cadre Commercial,5,80,20,18,13
730,53,M,14814,MariÃ©(e),Consulting,Directeur Technique,3,80,32,5,1
731,41,M,19141,DivorcÃ©(e),Ressources Humaines,Senior Manager,3,80,23,21,6
732,60,M,5405,CÃ©libataire,Commercial,Cadre Commercial,8,80,10,2,2
733,27,M,8793,DivorcÃ©(e),Consulting,Tech Lead,1,80,9,9,7
734,41,M,19189,MariÃ©(e),Ressources Humaines,Senior Manager,1,80,22,22,7
738,50,M,3875,MariÃ©(e),Commercial,ReprÃ©sentant Commercial,7,80,4,2,2
741,28,F,2216,CÃ©libataire,Consulting,Assistant de Direction,7,80,10,7,7
742,36,F,11713,MariÃ©(e),Consulting,Directeur Technique,9,80,10,8,7
743,38,F,7861,CÃ©libataire,Consulting,Tech Lead,4,80,10,1,0
744,44,M,3708,CÃ©libataire,Consulting,Consultant,2,80,9,5,2
746,47,F,13770,DivorcÃ©(e),Commercial,Cadre Commercial,9,80,28,22,2
747,30,M,5304,DivorcÃ©(e),Commercial,Cadre Commercial,7,80,10,8,7
749,29,M,2642,CÃ©libataire,Commercial,ReprÃ©sentant Commercial,1,80,1,1,0
752,42,M,2759,DivorcÃ©(e),Consulting,Assistant de Direction,6,80,7,2,2
754,43,M,6804,MariÃ©(e),Commercial,Cadre Commercial,3,80,7,2,2
757,34,F,6142,CÃ©libataire,Consulting,Manager,3,80,10,5,1
758,23,M,2500,MariÃ©(e),Consulting,Consultant,1,80,5,4,3
760,39,F,6389,MariÃ©(e),Ressources Humaines,Ressources Humaines,9,80,12,8,3
762,56,M,11103,MariÃ©(e),Consulting,Manager,7,80,30,10,7
763,40,F,2342,CÃ©libataire,Consulting,Assistant de Direction,0,80,5,4,2
764,27,F,6811,CÃ©libataire,Consulting,Manager,8,80,9,7,6
766,29,M,2297,DivorcÃ©(e),Commercial,ReprÃ©sentant Commercial,1,80,2,2,2
769,53,M,2450,CÃ©libataire,Consulting,Consultant,2,80,19,2,2
771,35,F,5093,DivorcÃ©(e),Consulting,Manager,2,80,16,1,0
772,32,M,5309,MariÃ©(e),Consulting,Consultant,1,80,10,10,8
773,38,M,3057,MariÃ©(e),Consulting,Assistant de Direction,6,80,6,1,0
775,34,F,5121,DivorcÃ©(e),Consulting,Tech Lead,3,80,7,0,0
776,52,M,16856,MariÃ©(e),Commercial,Senior Manager,1,80,34,34,6
780,33,M,2686,CÃ©libataire,Consulting,Assistant de Direction,1,80,10,10,9
781,25,F,6180,CÃ©libataire,Commercial,Cadre Commercial,1,80,6,6,5
783,45,M,6632,CÃ©libataire,Commercial,ReprÃ©sentant Commercial,0,80,9,8,7
784,23,M,3505,CÃ©libataire,Consulting,Assistant de Direction,1,80,2,2,2
785,47,F,6397,CÃ©libataire,Commercial,Cadre Commercial,4,80,8,5,4
786,34,M,6274,CÃ©libataire,Commercial,Cadre Commercial,1,80,6,6,5
787,55,M,19859,MariÃ©(e),Consulting,Senior Manager,5,80,24,5,2
789,36,M,7587,CÃ©libataire,Commercial,Cadre Commercial,1,80,10,10,7
791,52,M,4258,MariÃ©(e),Consulting,Assistant de Direction,0,80,5,4,3
792,26,F,4364,DivorcÃ©(e),Consulting,Consultant,3,80,5,2,2
793,29,F,4335,MariÃ©(e),Consulting,Manager,4,80,11,8,7
796,26,M,5326,CÃ©libataire,Commercial,Cadre Commercial,6,80,6,4,3
797,34,F,3280,CÃ©libataire,Consulting,Assistant de Direction,2,80,10,4,2
799,54,F,5485,DivorcÃ©(e),Consulting,Tech Lead,9,80,9,5,3
800,27,M,4342,MariÃ©(e),Commercial,Cadre Commercial,0,80,5,4,2
802,37,F,2782,DivorcÃ©(e),Consulting,Assistant de Direction,0,80,6,5,3
803,38,F,5980,CÃ©libataire,Consulting,Tech Lead,6,80,17,15,7
804,34,F,4381,CÃ©libataire,Consulting,Assistant de Direction,1,80,6,6,5
805,35,F,2572,MariÃ©(e),Commercial,ReprÃ©sentant Commercial,1,80,3,3,2
806,30,M,3833,MariÃ©(e),Consulting,Consultant,3,80,7,2,2
807,40,F,4244,MariÃ©(e),Consulting,Manager,1,80,8,8,7
808,34,F,6500,MariÃ©(e),Commercial,Cadre Commercial,5,80,6,3,2
809,42,M,18430,DivorcÃ©(e),Consulting,Senior Manager,1,80,24,24,7
811,23,M,1601,MariÃ©(e),Consulting,Consultant,1,80,1,0,0
812,24,M,2694,DivorcÃ©(e),Consulting,Consultant,1,80,1,1,0
813,52,F,3149,MariÃ©(e),Consulting,Consultant,8,80,9,5,2
815,50,M,17639,MariÃ©(e),Consulting,Directeur Technique,5,80,30,4,3
816,29,F,2319,MariÃ©(e),Consulting,Consultant,1,80,1,1,0
817,33,M,11691,MariÃ©(e),Consulting,Directeur Technique,0,80,14,13,9
819,33,F,5324,CÃ©libataire,Commercial,Cadre Commercial,5,80,6,3,2
820,47,F,16752,MariÃ©(e),Consulting,Senior Manager,1,80,26,26,14
823,36,F,5228,MariÃ©(e),Consulting,Tech Lead,0,80,10,9,7
824,29,M,2700,MariÃ©(e),Consulting,Assistant de Direction,1,80,10,10,7
825,58,M,19246,CÃ©libataire,Consulting,Directeur Technique,7,80,40,31,15
826,35,F,2506,CÃ©libataire,Consulting,Assistant de Direction,3,80,7,2,2
827,42,F,6062,MariÃ©(e),Consulting,Tech Lead,9,80,8,4,3
828,28,M,4382,CÃ©libataire,Consulting,Assistant de Direction,6,80,5,2,2
829,36,M,2143,MariÃ©(e),Ressources Humaines,Ressources Humaines,4,80,8,5,2
830,32,F,6162,MariÃ©(e),Consulting,Tech Lead,1,80,14,14,13
832,40,M,5094,CÃ©libataire,Consulting,Consultant,6,80,10,1,0
833,30,F,6877,CÃ©libataire,Consulting,Tech Lead,5,80,12,0,0
834,45,F,2274,CÃ©libataire,Consulting,Assistant de Direction,1,80,1,1,0
836,42,M,4434,MariÃ©(e),Consulting,Tech Lead,1,80,10,9,8
837,38,M,6288,DivorcÃ©(e),Consulting,Manager,2,80,13,4,3
838,34,F,2553,CÃ©libataire,Consulting,Assistant de Direction,1,80,6,5,2
840,49,F,7654,MariÃ©(e),Commercial,Cadre Commercial,1,80,9,9,8
842,55,M,5160,CÃ©libataire,Commercial,Cadre Commercial,4,80,12,9,7
843,43,M,17159,MariÃ©(e),Consulting,Directeur Technique,6,80,22,4,1
844,27,M,12808,DivorcÃ©(e),Consulting,Directeur Technique,1,80,9,9,8
845,35,M,10221,CÃ©libataire,Consulting,Tech Lead,3,80,17,8,5
846,28,F,4779,MariÃ©(e),Commercial,Cadre Commercial,1,80,8,8,7
847,34,M,3737,MariÃ©(e),Ressources Humaines,Ressources Humaines,0,80,4,3,2
848,26,F,2366,MariÃ©(e),Consulting,Assistant de Direction,1,80,8,8,7
850,27,M,1706,MariÃ©(e),Consulting,Assistant de Direction,1,80,0,0,0
851,51,F,16307,MariÃ©(e),Commercial,Senior Manager,2,80,29,20,6
852,44,M,5933,CÃ©libataire,Consulting,Manager,9,80,10,5,2
854,25,M,3424,CÃ©libataire,Consulting,Assistant de Direction,7,80,6,4,3
855,33,M,4037,DivorcÃ©(e),Commercial,Cadre Commercial,1,80,9,9,8
856,35,F,2559,CÃ©libataire,Consulting,Assistant de Direction,1,80,6,6,5
857,36,M,6201,MariÃ©(e),Commercial,Cadre Commercial,1,80,18,18,14
859,32,M,4403,DivorcÃ©(e),Commercial,Cadre Commercial,2,80,8,5,2
861,30,M,3761,DivorcÃ©(e),Consulting,Assistant de Direction,9,80,10,5,4
862,53,F,10934,MariÃ©(e),Commercial,Cadre Commercial,7,80,35,5,2
864,45,M,10761,DivorcÃ©(e),Commercial,Cadre Commercial,4,80,18,5,4
865,32,F,5175,MariÃ©(e),Consulting,Assistant de Direction,5,80,9,5,3
867,52,F,13826,MariÃ©(e),Consulting,Tech Lead,3,80,31,9,8
868,37,M,6334,DivorcÃ©(e),Commercial,Cadre Commercial,4,80,9,1,0
869,28,M,4936,DivorcÃ©(e),Ressources Humaines,Ressources Humaines,1,80,6,5,1
872,22,M,4775,MariÃ©(e),Consulting,Tech Lead,6,80,4,2,2
874,44,M,2818,MariÃ©(e),Consulting,Consultant,2,80,10,3,2
875,42,M,2515,CÃ©libataire,Consulting,Assistant de Direction,5,80,8,2,1
878,36,M,2342,MariÃ©(e),Ressources Humaines,Ressources Humaines,0,80,6,5,4
879,25,M,4194,MariÃ©(e),Commercial,Cadre Commercial,1,80,5,5,3
880,35,F,10685,MariÃ©(e),Consulting,Tech Lead,1,80,17,17,14
881,35,F,2022,DivorcÃ©(e),Consulting,Assistant de Direction,1,80,10,10,2
882,32,M,2314,DivorcÃ©(e),Consulting,Consultant,0,80,4,3,0
885,25,M,4256,MariÃ©(e),Commercial,Cadre Commercial,1,80,5,5,2
887,49,F,3580,MariÃ©(e),Consulting,Assistant de Direction,2,80,7,4,2
888,24,M,3162,MariÃ©(e),Consulting,Consultant,0,80,6,5,2
889,32,M,6524,MariÃ©(e),Commercial,Cadre Commercial,1,80,10,10,8
893,38,M,2899,MariÃ©(e),Commercial,ReprÃ©sentant Commercial,0,80,3,2,2
894,42,F,5231,MariÃ©(e),Consulting,Consultant,2,80,17,5,3
895,31,M,2356,MariÃ©(e),Consulting,Assistant de Direction,3,80,8,6,4
896,29,F,2800,DivorcÃ©(e),Commercial,ReprÃ©sentant Commercial,6,80,5,3,2
897,53,M,11836,MariÃ©(e),Commercial,Cadre Commercial,5,80,28,2,0
899,35,M,10903,MariÃ©(e),Consulting,Tech Lead,3,80,16,13,10
900,37,F,2973,MariÃ©(e),Commercial,ReprÃ©sentant Commercial,5,80,10,5,4
901,53,F,14275,CÃ©libataire,Consulting,Directeur Technique,6,80,33,12,9
902,43,F,5562,MariÃ©(e),Consulting,Manager,4,80,12,5,2
903,47,F,4537,MariÃ©(e),Commercial,Cadre Commercial,0,80,8,7,6
904,37,M,7642,CÃ©libataire,Commercial,Cadre Commercial,1,80,10,10,0
905,50,M,17924,DivorcÃ©(e),Consulting,Senior Manager,1,80,31,31,6
909,39,F,5204,MariÃ©(e),Ressources Humaines,Ressources Humaines,8,80,13,5,4
910,33,M,2277,DivorcÃ©(e),Ressources Humaines,Ressources Humaines,3,80,7,4,3
911,32,M,2795,CÃ©libataire,Consulting,Consultant,1,80,1,1,0
912,29,F,2532,DivorcÃ©(e),Consulting,Consultant,6,80,8,4,3
913,44,M,2559,MariÃ©(e),Consulting,Assistant de Direction,1,80,8,8,7
916,28,M,4908,CÃ©libataire,Commercial,Cadre Commercial,1,80,4,4,2
918,58,M,2380,DivorcÃ©(e),Consulting,Consultant,9,80,3,1,0
920,43,F,4765,DivorcÃ©(e),Consulting,Tech Lead,4,80,4,1,0
922,20,F,2044,CÃ©libataire,Commercial,ReprÃ©sentant Commercial,1,80,2,2,2
923,21,F,2693,CÃ©libataire,Consulting,Assistant de Direction,1,80,1,1,0
924,36,M,6586,MariÃ©(e),Consulting,Manager,0,80,17,16,8
925,47,F,3294,CÃ©libataire,Commercial,ReprÃ©sentant Commercial,1,80,3,3,2
926,22,F,4171,MariÃ©(e),Consulting,Tech Lead,0,80,4,3,2
927,41,F,2778,DivorcÃ©(e),Consulting,Consultant,4,80,10,7,7
930,28,F,2377,DivorcÃ©(e),Consulting,Assistant de Direction,5,80,6,2,2
932,39,M,2404,MariÃ©(e),Consulting,Consultant,7,80,8,2,2
933,27,F,2318,CÃ©libataire,Consulting,Assistant de Direction,1,80,1,1,1
934,34,M,2008,DivorcÃ©(e),Consulting,Consultant,1,80,1,1,0
936,42,F,6244,CÃ©libataire,Commercial,Cadre Commercial,7,80,10,5,4
939,33,M,2799,CÃ©libataire,Consulting,Assistant de Direction,3,80,6,3,2
940,58,F,10552,DivorcÃ©(e),Consulting,Manager,2,80,24,6,0
941,31,M,2329,MariÃ©(e),Commercial,ReprÃ©sentant Commercial,3,80,13,7,7
942,35,F,4014,MariÃ©(e),Consulting,Manager,1,80,10,10,6
944,49,F,7403,MariÃ©(e),Consulting,Consultant,4,80,29,26,9
945,48,M,2259,MariÃ©(e),Consulting,Assistant de Direction,4,80,13,0,0
947,31,F,6932,MariÃ©(e),Commercial,Cadre Commercial,1,80,9,9,8
949,36,M,4678,CÃ©libataire,Consulting,Assistant de Direction,2,80,8,6,2
950,38,F,13582,MariÃ©(e),Consulting,Directeur Technique,1,80,15,15,12
951,32,F,2332,MariÃ©(e),Consulting,Consultant,6,80,5,3,0
952,25,M,2413,MariÃ©(e),Commercial,ReprÃ©sentant Commercial,1,80,1,1,0
954,40,M,9705,DivorcÃ©(e),Commercial,Cadre Commercial,2,80,11,1,0
956,26,M,4294,CÃ©libataire,Commercial,Cadre Commercial,1,80,7,7,7
957,41,M,4721,CÃ©libataire,Consulting,Consultant,2,80,20,18,13
958,36,M,2519,CÃ©libataire,Consulting,Consultant,4,80,16,11,8
959,19,M,2121,CÃ©libataire,Commercial,ReprÃ©sentant Commercial,1,80,1,1,0
960,20,M,2973,CÃ©libataire,Consulting,Consultant,1,80,1,1,0
961,31,F,5855,MariÃ©(e),Consulting,Manager,0,80,10,9,7
964,40,M,3617,DivorcÃ©(e),Consulting,Assistant de Direction,8,80,3,1,1
966,32,F,6725,MariÃ©(e),Consulting,Tech Lead,1,80,8,8,7
967,36,M,10325,MariÃ©(e),Commercial,Cadre Commercial,1,80,16,16,7
969,33,F,6949,CÃ©libataire,Consulting,Manager,0,80,6,5,0
970,37,M,10609,MariÃ©(e),Commercial,Cadre Commercial,5,80,17,14,1
972,45,M,4447,MariÃ©(e),Consulting,Consultant,1,80,9,9,7
974,29,F,2157,MariÃ©(e),Commercial,ReprÃ©sentant Commercial,1,80,3,3,1
975,35,F,4601,MariÃ©(e),Commercial,Cadre Commercial,1,80,5,5,2
976,52,M,17099,MariÃ©(e),Consulting,Senior Manager,2,80,26,9,8
977,58,M,2479,CÃ©libataire,Consulting,Assistant de Direction,4,80,7,1,0
981,53,M,14852,DivorcÃ©(e),Commercial,Senior Manager,6,80,22,17,13
982,30,M,7264,DivorcÃ©(e),Commercial,Cadre Commercial,5,80,10,8,4
983,38,F,5666,CÃ©libataire,Commercial,Cadre Commercial,1,80,6,5,3
984,35,M,7823,DivorcÃ©(e),Commercial,Cadre Commercial,6,80,12,10,9
985,39,M,7880,CÃ©libataire,Commercial,Cadre Commercial,0,80,9,8,7
986,40,F,13194,CÃ©libataire,Commercial,Cadre Commercial,4,80,22,1,0
987,47,M,5067,DivorcÃ©(e),Consulting,Tech Lead,1,80,20,19,10
990,36,M,5079,DivorcÃ©(e),Commercial,Cadre Commercial,4,80,12,7,7
991,31,M,2321,CÃ©libataire,Consulting,Assistant de Direction,0,80,4,3,2
992,33,M,17444,CÃ©libataire,Commercial,Senior Manager,1,80,10,10,8
994,29,F,2404,CÃ©libataire,Consulting,Assistant de Direction,6,80,3,0,0
995,33,F,3452,CÃ©libataire,Consulting,Assistant de Direction,3,80,5,3,2
996,45,F,2270,DivorcÃ©(e),Consulting,Consultant,3,80,8,5,3
997,50,M,17399,DivorcÃ©(e),Consulting,Directeur Technique,9,80,32,5,4
998,33,F,5488,MariÃ©(e),Consulting,Manager,1,80,6,6,5
999,41,M,19419,DivorcÃ©(e),Consulting,Directeur Technique,2,80,21,18,16
1001,27,F,2811,MariÃ©(e),Consulting,Consultant,9,80,4,2,2
1002,45,M,3633,MariÃ©(e),Consulting,Consultant,1,80,9,9,8
1003,47,F,4163,CÃ©libataire,Commercial,Cadre Commercial,1,80,9,9,0
1004,30,F,2132,MariÃ©(e),Consulting,Assistant de Direction,4,80,7,5,2
1005,50,M,13973,MariÃ©(e),Consulting,Tech Lead,3,80,22,12,11
1006,38,M,2684,MariÃ©(e),Consulting,Assistant de Direction,0,80,3,2,1
1007,46,M,10845,DivorcÃ©(e),Consulting,Tech Lead,6,80,13,8,7
1009,24,F,4377,DivorcÃ©(e),Consulting,Tech Lead,1,80,5,4,2
1010,35,M,3743,DivorcÃ©(e),Consulting,Consultant,1,80,5,4,2
1011,31,F,4148,MariÃ©(e),Consulting,Tech Lead,1,80,4,4,3
1012,18,M,1051,CÃ©libataire,Consulting,Assistant de Direction,1,80,0,0,0
1013,54,F,10739,MariÃ©(e),Consulting,Tech Lead,8,80,22,10,7
1014,35,F,10388,DivorcÃ©(e),Consulting,Manager,1,80,16,16,10
1015,30,F,11416,MariÃ©(e),Consulting,Directeur Technique,0,80,9,8,7
1016,20,F,2600,CÃ©libataire,Consulting,Assistant de Direction,1,80,1,1,0
1017,30,F,2422,CÃ©libataire,Consulting,Consultant,0,80,4,3,2
1018,26,M,5472,MariÃ©(e),Consulting,Tech Lead,1,80,8,8,7
1019,22,M,2451,MariÃ©(e),Consulting,Consultant,1,80,4,4,3
1022,48,M,4240,CÃ©libataire,Consulting,Manager,2,80,19,2,2
1024,48,M,10999,CÃ©libataire,Consulting,Manager,7,80,27,15,11
1025,41,F,5003,CÃ©libataire,Consulting,Tech Lead,6,80,8,2,2
1026,39,F,12742,MariÃ©(e),Consulting,Tech Lead,1,80,21,21,6
1027,27,F,4227,MariÃ©(e),Consulting,Tech Lead,0,80,4,3,2
1028,35,M,3917,DivorcÃ©(e),Consulting,Consultant,1,80,3,3,2
1029,42,M,18303,MariÃ©(e),Commercial,Senior Manager,6,80,21,1,0
1030,50,M,2380,MariÃ©(e),Consulting,Consultant,4,80,8,1,0
1032,59,F,13726,CÃ©libataire,Consulting,Tech Lead,3,80,30,5,3
1033,37,F,4777,MariÃ©(e),Consulting,Manager,5,80,15,1,0
1034,55,M,6385,MariÃ©(e),Consulting,Manager,3,80,17,8,7
1035,41,F,19973,DivorcÃ©(e),Consulting,Directeur Technique,1,80,21,21,16
1036,38,M,6861,CÃ©libataire,Commercial,Cadre Commercial,8,80,19,1,0
1037,26,M,4969,CÃ©libataire,Commercial,Cadre Commercial,8,80,7,2,2
1038,52,F,19845,MariÃ©(e),Commercial,Senior Manager,1,80,33,32,14
1039,44,F,13320,MariÃ©(e),Commercial,Cadre Commercial,3,80,23,12,11
1040,50,F,6347,MariÃ©(e),Commercial,Cadre Commercial,0,80,19,18,7
1042,36,F,2743,CÃ©libataire,Consulting,Consultant,1,80,18,17,13
1043,39,F,10880,CÃ©libataire,Consulting,Tech Lead,1,80,21,21,6
1044,33,F,2342,CÃ©libataire,Commercial,ReprÃ©sentant Commercial,0,80,3,2,2
1045,45,F,17650,MariÃ©(e),Commercial,Senior Manager,3,80,26,9,3
1046,32,F,4025,CÃ©libataire,Consulting,Consultant,9,80,10,8,7
1047,34,M,9725,DivorcÃ©(e),Commercial,Cadre Commercial,0,80,16,15,1
1048,59,M,11904,MariÃ©(e),Commercial,Senior Manager,3,80,14,6,4
1049,45,M,2177,CÃ©libataire,Ressources Humaines,Ressources Humaines,1,80,6,6,3
1050,53,F,7525,MariÃ©(e),Commercial,Cadre Commercial,2,80,30,15,7
1052,36,M,4834,DivorcÃ©(e),Consulting,Consultant,7,80,9,1,0
1053,26,M,2042,MariÃ©(e),Consulting,Assistant de Direction,6,80,6,3,2
1055,34,F,2220,MariÃ©(e),Commercial,ReprÃ©sentant Commercial,1,80,1,1,1
1056,28,M,1052,MariÃ©(e),Commercial,ReprÃ©sentant Commercial,1,80,1,1,0
1060,38,M,2821,MariÃ©(e),Consulting,Assistant de Direction,3,80,8,2,2
1061,50,M,19237,MariÃ©(e),Consulting,Directeur Technique,2,80,29,8,1
1062,37,F,4107,CÃ©libataire,Consulting,Manager,3,80,8,4,3
1066,40,M,8396,MariÃ©(e),Commercial,Cadre Commercial,1,80,8,7,7
1068,26,F,2007,DivorcÃ©(e),Consulting,Assistant de Direction,1,80,5,5,3
1069,46,M,19627,DivorcÃ©(e),Consulting,Directeur Technique,9,80,23,2,2
1070,54,F,10686,MariÃ©(e),Commercial,Cadre Commercial,6,80,13,9,4
1071,56,F,2942,MariÃ©(e),Consulting,Assistant de Direction,2,80,18,5,4
1073,36,F,8858,CÃ©libataire,Consulting,Tech Lead,0,80,15,14,8
1074,55,M,16756,CÃ©libataire,Consulting,Senior Manager,7,80,31,9,7
1076,43,M,10798,DivorcÃ©(e),Commercial,Cadre Commercial,5,80,18,1,0
1077,20,F,2323,CÃ©libataire,Commercial,ReprÃ©sentant Commercial,1,80,2,2,2
1079,21,F,1416,CÃ©libataire,Consulting,Consultant,1,80,1,1,0
1080,46,F,4615,DivorcÃ©(e),Consulting,Assistant de Direction,8,80,19,16,13
1081,51,M,2461,MariÃ©(e),Consulting,Assistant de Direction,9,80,18,10,0
1082,28,M,8722,CÃ©libataire,Consulting,Manager,1,80,10,10,7
1083,26,M,3955,MariÃ©(e),Consulting,Consultant,1,80,6,5,3
1084,30,M,9957,MariÃ©(e),Consulting,Tech Lead,0,80,7,6,2
1085,41,F,3376,MariÃ©(e),Consulting,Assistant de Direction,1,80,10,10,6
1088,38,F,8823,MariÃ©(e),Consulting,Manager,0,80,20,19,9
1092,40,M,10322,MariÃ©(e),Consulting,Manager,4,80,14,11,10
1094,27,M,4621,MariÃ©(e),Consulting,Consultant,1,80,3,3,2
1096,55,M,10976,MariÃ©(e),Consulting,Tech Lead,3,80,23,3,2
1097,28,F,3660,CÃ©libataire,Consulting,Assistant de Direction,3,80,10,8,7
1098,44,M,10482,MariÃ©(e),Ressources Humaines,Ressources Humaines,9,80,24,20,6
1099,33,M,7119,DivorcÃ©(e),Consulting,Manager,4,80,9,3,2
1100,35,M,9582,CÃ©libataire,Commercial,Cadre Commercial,0,80,9,8,7
1101,33,F,4508,CÃ©libataire,Consulting,Assistant de Direction,1,80,14,13,7
1102,28,M,2207,DivorcÃ©(e),Consulting,Consultant,1,80,4,4,2
1103,34,M,7756,CÃ©libataire,Consulting,Manager,0,80,7,6,2
1105,37,F,6694,DivorcÃ©(e),Commercial,Cadre Commercial,2,80,8,1,0
1106,25,M,3691,MariÃ©(e),Consulting,Consultant,1,80,7,7,7
1107,26,M,2377,DivorcÃ©(e),Consulting,Consultant,1,80,1,1,1
1108,33,M,2313,CÃ©libataire,Consulting,Assistant de Direction,4,80,5,2,2
1109,42,M,17665,MariÃ©(e),Consulting,Senior Manager,0,80,23,22,6
1111,28,M,2596,DivorcÃ©(e),Consulting,Consultant,1,80,1,1,0
1113,50,M,4728,CÃ©libataire,Commercial,Cadre Commercial,3,80,5,0,0
1114,33,F,4302,MariÃ©(e),Commercial,Cadre Commercial,0,80,4,3,2
1115,34,M,2979,MariÃ©(e),Consulting,Assistant de Direction,3,80,6,0,0
1116,48,M,16885,CÃ©libataire,Consulting,Senior Manager,2,80,27,5,4
1117,45,F,5593,MariÃ©(e),Commercial,Cadre Commercial,1,80,15,15,10
1118,52,M,10445,CÃ©libataire,Consulting,Manager,7,80,18,8,6
1119,38,M,8740,DivorcÃ©(e),Commercial,Cadre Commercial,0,80,9,8,7
1120,29,F,2514,DivorcÃ©(e),Consulting,Assistant de Direction,4,80,11,7,5
1121,28,F,7655,DivorcÃ©(e),Consulting,Tech Lead,0,80,10,9,7
1124,46,M,17465,MariÃ©(e),Commercial,Senior Manager,3,80,23,12,9
1125,38,M,7351,CÃ©libataire,Commercial,Cadre Commercial,7,80,10,1,0
1126,43,F,10820,MariÃ©(e),Consulting,Tech Lead,8,80,18,8,7
1127,39,M,12169,DivorcÃ©(e),Consulting,Manager,7,80,21,18,7
1128,40,M,19626,CÃ©libataire,Consulting,Directeur Technique,1,80,21,20,7
1131,21,F,2070,CÃ©libataire,Consulting,Assistant de Direction,1,80,2,2,2
1132,39,M,6782,CÃ©libataire,Consulting,Consultant,9,80,9,5,4
1133,36,M,7779,CÃ©libataire,Consulting,Tech Lead,2,80,18,11,9
1135,31,M,2791,MariÃ©(e),Commercial,ReprÃ©sentant Commercial,0,80,3,2,2
1136,28,M,3201,MariÃ©(e),Consulting,Assistant de Direction,0,80,6,5,3
1137,35,M,4968,DivorcÃ©(e),Commercial,Cadre Commercial,1,80,5,5,2
1138,49,M,13120,MariÃ©(e),Commercial,Cadre Commercial,6,80,22,9,8
1140,34,M,4033,CÃ©libataire,Consulting,Tech Lead,2,80,5,3,2
1143,29,F,3291,DivorcÃ©(e),Consulting,Assistant de Direction,0,80,8,7,5
1148,42,M,4272,CÃ©libataire,Consulting,Consultant,4,80,16,1,0
1150,29,M,5056,MariÃ©(e),Consulting,Tech Lead,1,80,10,10,7
1152,38,M,2844,MariÃ©(e),Ressources Humaines,Ressources Humaines,1,80,7,7,6
1154,28,M,2703,DivorcÃ©(e),Consulting,Assistant de Direction,1,80,3,3,1
1156,18,M,1904,CÃ©libataire,Consulting,Consultant,1,80,0,0,0
1157,33,F,8224,CÃ©libataire,Commercial,Cadre Commercial,0,80,6,5,2
1158,41,M,4766,MariÃ©(e),Consulting,Consultant,3,80,6,1,0
1160,31,M,2610,MariÃ©(e),Consulting,Consultant,1,80,2,2,2
1161,37,F,5731,DivorcÃ©(e),Consulting,Manager,7,80,9,6,2
1162,27,M,2539,MariÃ©(e),Consulting,Assistant de Direction,1,80,4,4,2
1163,34,F,5714,MariÃ©(e),Commercial,Cadre Commercial,1,80,6,6,5
1164,35,M,4323,CÃ©libataire,Ressources Humaines,Ressources Humaines,1,80,6,5,4
1165,29,F,7336,MariÃ©(e),Commercial,Cadre Commercial,1,80,11,11,8
1166,40,F,13499,CÃ©libataire,Consulting,Directeur Technique,9,80,20,18,7
1167,42,M,13758,CÃ©libataire,Commercial,Cadre Commercial,0,80,22,21,9
1171,42,M,5155,CÃ©libataire,Commercial,Cadre Commercial,7,80,9,6,4
1172,35,M,2258,MariÃ©(e),Consulting,Consultant,6,80,10,8,0
1173,24,M,3597,CÃ©libataire,Consulting,Consultant,8,80,6,4,3
1175,28,F,2515,MariÃ©(e),Consulting,Consultant,1,80,1,1,1
1177,26,M,4420,MariÃ©(e),Consulting,Consultant,1,80,8,8,7
1179,30,M,6578,MariÃ©(e),Commercial,Cadre Commercial,1,80,10,10,3
1180,40,F,4422,MariÃ©(e),Consulting,Assistant de Direction,3,80,16,1,1
1182,35,M,10274,DivorcÃ©(e),Consulting,Tech Lead,2,80,15,7,7
1184,34,M,5343,CÃ©libataire,Consulting,Manager,0,80,14,13,9
1185,35,M,2376,MariÃ©(e),Consulting,Consultant,1,80,2,2,2
1188,43,F,5346,CÃ©libataire,Commercial,Cadre Commercial,8,80,7,4,3
1190,32,F,2827,DivorcÃ©(e),Commercial,ReprÃ©sentant Commercial,1,80,1,1,0
1191,56,F,19943,DivorcÃ©(e),Consulting,Senior Manager,4,80,28,5,2
1192,29,F,3131,MariÃ©(e),Consulting,Consultant,1,80,10,10,8
1193,19,M,2552,CÃ©libataire,Consulting,Assistant de Direction,1,80,1,1,1
1195,45,F,4477,MariÃ©(e),Consulting,Assistant de Direction,4,80,7,3,2
1196,37,F,6474,MariÃ©(e),Consulting,Tech Lead,1,80,14,14,8
1198,20,M,3033,CÃ©libataire,Consulting,Consultant,1,80,2,2,2
1200,44,M,2936,CÃ©libataire,Consulting,Assistant de Direction,1,80,6,6,4
1201,53,F,18606,DivorcÃ©(e),Consulting,Senior Manager,3,80,26,7,7
1202,29,F,2168,MariÃ©(e),Consulting,Assistant de Direction,0,80,6,5,4
1203,22,M,2853,MariÃ©(e),Consulting,Assistant de Direction,0,80,1,0,0
1204,46,F,17048,MariÃ©(e),Commercial,Senior Manager,8,80,28,26,15
1206,44,M,2290,CÃ©libataire,Consulting,Assistant de Direction,2,80,6,0,0
1207,33,M,3600,MariÃ©(e),Ressources Humaines,Ressources Humaines,1,80,5,5,4
1210,41,M,2107,DivorcÃ©(e),Consulting,Assistant de Direction,6,80,5,1,0
1211,30,M,4115,DivorcÃ©(e),Commercial,Cadre Commercial,8,80,8,4,3
1212,40,M,4327,MariÃ©(e),Commercial,Cadre Commercial,5,80,5,0,0
1215,50,F,17856,MariÃ©(e),Consulting,Senior Manager,2,80,32,2,2
1216,28,M,3196,MariÃ©(e),Consulting,Consultant,1,80,6,6,5
1217,46,M,19081,MariÃ©(e),Consulting,Directeur Technique,5,80,25,4,2
1218,35,M,8966,MariÃ©(e),Commercial,Cadre Commercial,3,80,15,7,7
1219,24,F,2210,MariÃ©(e),Consulting,Consultant,1,80,1,1,0
1220,33,F,4539,MariÃ©(e),Commercial,Cadre Commercial,1,80,10,10,7
1221,36,M,2741,DivorcÃ©(e),Consulting,Consultant,1,80,7,7,7
1224,30,M,3491,DivorcÃ©(e),Consulting,Consultant,1,80,10,10,7
1225,44,M,4541,CÃ©libataire,Consulting,Assistant de Direction,1,80,20,20,11
1226,20,M,2678,CÃ©libataire,Commercial,ReprÃ©sentant Commercial,1,80,2,2,1
1228,46,M,7379,DivorcÃ©(e),Consulting,Tech Lead,2,80,12,6,3
1231,42,M,6272,MariÃ©(e),Ressources Humaines,Ressources Humaines,7,80,10,4,3
1233,60,M,5220,DivorcÃ©(e),Commercial,Cadre Commercial,0,80,12,11,7
1234,32,F,2743,MariÃ©(e),Consulting,Consultant,1,80,2,2,2
1235,32,F,4998,CÃ©libataire,Consulting,Assistant de Direction,4,80,10,8,7
1237,36,F,10252,DivorcÃ©(e),Consulting,Tech Lead,2,80,17,7,7
1238,33,M,2781,MariÃ©(e),Consulting,Assistant de Direction,0,80,15,14,10
1239,40,F,6852,DivorcÃ©(e),Commercial,Cadre Commercial,7,80,7,5,1
1240,25,M,4950,CÃ©libataire,Commercial,Cadre Commercial,0,80,5,4,3
1241,30,M,3579,MariÃ©(e),Consulting,Assistant de Direction,0,80,12,11,9
1242,42,F,13191,MariÃ©(e),Consulting,Directeur Technique,3,80,20,1,0
1243,35,F,10377,MariÃ©(e),Commercial,Cadre Commercial,4,80,16,13,2
1244,27,M,2235,MariÃ©(e),Consulting,Assistant de Direction,1,80,9,9,7
1245,54,F,10502,DivorcÃ©(e),Consulting,Tech Lead,7,80,33,5,4
1246,44,F,2011,MariÃ©(e),Consulting,Assistant de Direction,1,80,10,10,5
1248,19,F,1859,CÃ©libataire,Consulting,Assistant de Direction,1,80,1,1,1
1249,29,F,3760,DivorcÃ©(e),Consulting,Assistant de Direction,1,80,3,3,2
1250,54,M,17779,MariÃ©(e),Consulting,Directeur Technique,3,80,36,10,9
1251,31,M,6833,MariÃ©(e),Consulting,Manager,1,80,6,6,5
1252,31,F,6812,CÃ©libataire,Consulting,Manager,1,80,10,10,9
1254,59,F,5171,CÃ©libataire,Commercial,Cadre Commercial,5,80,13,6,1
1255,43,M,19740,MariÃ©(e),Consulting,Directeur Technique,3,80,25,8,7
1256,49,M,18711,MariÃ©(e),Consulting,Senior Manager,2,80,23,1,0
1257,36,M,3692,MariÃ©(e),Consulting,Assistant de Direction,1,80,12,11,10
1258,48,M,2559,CÃ©libataire,Consulting,Consultant,5,80,7,1,0
1259,27,M,2517,DivorcÃ©(e),Consulting,Assistant de Direction,1,80,5,5,3
1260,29,M,6623,DivorcÃ©(e),Consulting,Manager,1,80,6,6,0
1263,48,M,18265,CÃ©libataire,Consulting,Directeur Technique,6,80,25,1,0
1264,29,F,16124,DivorcÃ©(e),Consulting,Directeur Technique,3,80,9,7,7
1265,34,F,2585,MariÃ©(e),Consulting,Assistant de Direction,0,80,2,1,0
1267,44,M,18213,MariÃ©(e),Commercial,Senior Manager,7,80,26,22,9
1268,33,M,8380,DivorcÃ©(e),Commercial,Cadre Commercial,0,80,10,9,8
1269,19,F,2994,CÃ©libataire,Consulting,Assistant de Direction,1,80,1,1,0
1270,23,M,1223,MariÃ©(e),Consulting,Assistant de Direction,1,80,1,1,0
1273,25,M,1118,CÃ©libataire,Commercial,ReprÃ©sentant Commercial,1,80,1,1,0
1275,26,M,2875,CÃ©libataire,Consulting,Assistant de Direction,1,80,8,8,5
1277,45,F,18824,CÃ©libataire,Commercial,Senior Manager,2,80,26,24,10
1278,55,M,13577,DivorcÃ©(e),Consulting,Manager,1,80,34,33,9
1279,21,F,2625,CÃ©libataire,Consulting,Consultant,1,80,2,2,2
1280,46,F,18789,MariÃ©(e),Commercial,Senior Manager,2,80,26,11,4
1281,34,F,4538,CÃ©libataire,Commercial,Cadre Commercial,0,80,4,3,2
1282,51,M,19847,DivorcÃ©(e),Commercial,Senior Manager,4,80,31,29,10
1283,59,M,10512,CÃ©libataire,Consulting,Tech Lead,6,80,25,9,7
1285,34,F,4444,DivorcÃ©(e),Consulting,Consultant,4,80,15,11,8
1286,28,M,2154,CÃ©libataire,Consulting,Consultant,0,80,5,4,2
1288,44,M,19190,DivorcÃ©(e),Consulting,Senior Manager,1,80,26,25,9
1289,34,M,4490,MariÃ©(e),Ressources Humaines,Ressources Humaines,4,80,14,10,9
1291,35,M,3506,MariÃ©(e),Consulting,Assistant de Direction,0,80,4,3,2
1292,42,F,2372,MariÃ©(e),Consulting,Assistant de Direction,6,80,18,1,0
1293,43,F,10231,CÃ©libataire,Commercial,Cadre Commercial,3,80,23,21,7
1294,36,F,5410,CÃ©libataire,Consulting,Tech Lead,9,80,18,16,14
1295,44,F,7978,MariÃ©(e),Consulting,Manager,1,80,10,10,7
1296,28,M,3867,MariÃ©(e),Consulting,Consultant,1,80,2,2,2
1297,51,F,2838,CÃ©libataire,Consulting,Consultant,0,80,8,7,0
1298,30,F,4695,CÃ©libataire,Consulting,Tech Lead,7,80,10,8,4
1299,29,F,3339,DivorcÃ©(e),Consulting,Consultant,3,80,10,7,7
1301,28,M,2080,CÃ©libataire,Consulting,Assistant de Direction,2,80,5,3,2
1303,25,F,2096,CÃ©libataire,Consulting,Assistant de Direction,1,80,2,2,2
1304,32,M,6209,MariÃ©(e),Commercial,Cadre Commercial,1,80,10,10,7
1306,45,F,18061,CÃ©libataire,Consulting,Senior Manager,3,80,22,0,0
1307,39,F,17123,DivorcÃ©(e),Consulting,Senior Manager,6,80,21,19,9
1308,58,M,2372,DivorcÃ©(e),Consulting,Assistant de Direction,1,80,2,2,2
1309,32,M,4883,MariÃ©(e),Consulting,Consultant,1,80,10,10,4
1310,39,M,3904,CÃ©libataire,Consulting,Assistant de Direction,0,80,6,5,2
1311,30,F,4627,MariÃ©(e),Consulting,Consultant,0,80,10,9,2
1312,36,F,7094,MariÃ©(e),Consulting,Manager,3,80,10,7,7
1314,46,F,3423,CÃ©libataire,Ressources Humaines,Ressources Humaines,6,80,10,7,6
1315,28,F,6674,MariÃ©(e),Consulting,Consultant,0,80,10,9,8
1317,50,F,16880,MariÃ©(e),Consulting,Directeur Technique,4,80,25,3,2
1318,40,M,9094,CÃ©libataire,Commercial,Cadre Commercial,2,80,9,5,4
1319,52,M,8446,CÃ©libataire,Commercial,Cadre Commercial,9,80,10,8,7
1321,30,F,11916,MariÃ©(e),Consulting,Senior Manager,1,80,9,9,1
1322,39,M,4534,CÃ©libataire,Consulting,Tech Lead,0,80,9,8,7
1324,31,F,9852,DivorcÃ©(e),Commercial,Cadre Commercial,1,80,10,10,8
1329,41,M,6151,CÃ©libataire,Commercial,Cadre Commercial,1,80,19,19,2
1331,31,F,2302,CÃ©libataire,Commercial,ReprÃ©sentant Commercial,1,80,3,3,2
1333,44,M,2362,MariÃ©(e),Consulting,Consultant,4,80,10,3,2
1334,42,M,17861,MariÃ©(e),Consulting,Senior Manager,0,80,21,20,8
1336,55,F,19187,MariÃ©(e),Consulting,Senior Manager,4,80,23,19,9
1338,56,M,19717,CÃ©libataire,Ressources Humaines,Senior Manager,6,80,36,7,3
1340,40,M,3544,DivorcÃ©(e),Consulting,Assistant de Direction,9,80,6,4,2
1344,34,M,8500,DivorcÃ©(e),Consulting,Manager,0,80,10,9,7
1346,40,M,4661,CÃ©libataire,Consulting,Assistant de Direction,1,80,9,9,8
1349,41,F,4103,DivorcÃ©(e),Commercial,Cadre Commercial,0,80,10,9,3
1350,35,M,4249,CÃ©libataire,Consulting,Assistant de Direction,1,80,9,9,6
1352,51,M,14026,DivorcÃ©(e),Ressources Humaines,Senior Manager,1,80,33,33,9
1355,38,F,6893,DivorcÃ©(e),Commercial,Cadre Commercial,3,80,11,7,7
1356,34,F,6125,CÃ©libataire,Commercial,Cadre Commercial,1,80,10,10,8
1358,25,M,3669,MariÃ©(e),Consulting,Consultant,3,80,7,3,2
1360,58,F,10008,MariÃ©(e),Consulting,Tech Lead,7,80,31,10,9
1361,40,M,2387,MariÃ©(e),Consulting,Consultant,3,80,7,4,2
1362,36,F,4639,MariÃ©(e),Commercial,Cadre Commercial,2,80,17,15,7
1363,48,M,7898,CÃ©libataire,Consulting,Tech Lead,1,80,11,10,9
1364,27,F,2534,MariÃ©(e),Commercial,ReprÃ©sentant Commercial,8,80,5,1,0
1367,51,F,13142,CÃ©libataire,Consulting,Tech Lead,3,80,29,5,2
1368,18,F,1611,CÃ©libataire,Consulting,Consultant,1,80,0,0,0
1369,35,F,5363,MariÃ©(e),Consulting,Consultant,0,80,10,9,7
1371,27,M,5071,CÃ©libataire,Commercial,Cadre Commercial,3,80,8,6,2
1372,55,M,13695,CÃ©libataire,Commercial,Cadre Commercial,6,80,24,19,7
1373,56,M,13402,MariÃ©(e),Consulting,Tech Lead,4,80,33,19,16
1374,34,F,2029,DivorcÃ©(e),Consulting,Assistant de Direction,1,80,5,5,4
1375,40,F,6377,DivorcÃ©(e),Consulting,Manager,5,80,15,12,11
1377,34,M,5429,MariÃ©(e),Consulting,Consultant,4,80,10,8,7
1379,31,F,2785,CÃ©libataire,Commercial,ReprÃ©sentant Commercial,7,80,3,1,0
1380,35,F,4614,MariÃ©(e),Commercial,Cadre Commercial,0,80,5,4,2
1382,38,M,2610,DivorcÃ©(e),Consulting,Assistant de Direction,1,80,4,4,2
1383,34,F,6687,CÃ©libataire,Consulting,Manager,1,80,14,14,11
1387,28,M,4724,MariÃ©(e),Commercial,Cadre Commercial,1,80,5,5,3
1389,31,M,6179,MariÃ©(e),Consulting,Tech Lead,1,80,10,10,2
1390,39,M,6120,MariÃ©(e),Commercial,Cadre Commercial,3,80,8,5,4
1391,51,M,10596,MariÃ©(e),Commercial,Cadre Commercial,2,80,14,4,2
1392,41,F,5467,DivorcÃ©(e),Consulting,Assistant de Direction,3,80,12,6,2
1394,37,M,2996,MariÃ©(e),Consulting,Assistant de Direction,7,80,8,6,4
1395,33,M,9998,MariÃ©(e),Commercial,Cadre Commercial,6,80,8,5,4
1396,32,M,4078,MariÃ©(e),Commercial,Cadre Commercial,0,80,4,3,2
1397,39,M,10920,MariÃ©(e),Consulting,Manager,3,80,13,6,4
1399,25,M,6232,MariÃ©(e),Commercial,Cadre Commercial,2,80,6,3,2
1401,52,F,13247,MariÃ©(e),Consulting,Tech Lead,2,80,24,5,3
1402,43,F,4081,CÃ©libataire,Consulting,Assistant de Direction,1,80,20,20,7
1403,27,F,5769,MariÃ©(e),Commercial,Cadre Commercial,1,80,6,6,2
1405,27,F,2394,CÃ©libataire,Consulting,Assistant de Direction,1,80,8,8,2
1407,26,M,3904,CÃ©libataire,Consulting,Assistant de Direction,0,80,5,4,3
1408,42,F,16799,MariÃ©(e),Ressources Humaines,Senior Manager,0,80,21,20,7
1409,52,F,2950,MariÃ©(e),Consulting,Consultant,9,80,12,5,4
1411,37,F,3629,CÃ©libataire,Consulting,Consultant,4,80,8,3,2
1412,35,M,9362,CÃ©libataire,Consulting,Tech Lead,2,80,10,2,2
1415,25,M,3229,MariÃ©(e),Consulting,Consultant,4,80,7,3,2
1417,26,M,3578,CÃ©libataire,Consulting,Consultant,0,80,8,7,7
1419,29,M,7988,CÃ©libataire,Ressources Humaines,Ressources Humaines,1,80,10,10,9
1420,49,M,4284,CÃ©libataire,Consulting,Consultant,3,80,20,4,3
1421,29,F,7553,CÃ©libataire,Consulting,Manager,0,80,9,8,7
1422,54,F,17328,CÃ©libataire,Consulting,Directeur Technique,6,80,29,20,7
1423,58,F,19701,MariÃ©(e),Consulting,Directeur Technique,3,80,32,9,8
1424,55,M,14732,DivorcÃ©(e),Consulting,Directeur Technique,2,80,31,7,7
1425,36,F,9278,CÃ©libataire,Commercial,Cadre Commercial,3,80,15,5,4
1427,31,F,1359,CÃ©libataire,Commercial,ReprÃ©sentant Commercial,1,80,1,1,0
1428,30,F,4779,DivorcÃ©(e),Commercial,Cadre Commercial,7,80,8,3,2
1430,31,F,16422,CÃ©libataire,Consulting,Directeur Technique,3,80,9,3,2
1431,34,M,2996,DivorcÃ©(e),Consulting,Assistant de Direction,5,80,10,4,3
1433,31,F,1261,CÃ©libataire,Consulting,Assistant de Direction,1,80,1,1,0
1434,27,M,2099,MariÃ©(e),Consulting,Consultant,0,80,6,5,0
1435,36,M,5810,CÃ©libataire,Consulting,Consultant,1,80,10,10,4
1436,36,F,5647,MariÃ©(e),Commercial,Cadre Commercial,4,80,11,3,2
1438,47,M,3420,MariÃ©(e),Consulting,Assistant de Direction,7,80,17,6,5
1439,25,M,4400,MariÃ©(e),Commercial,ReprÃ©sentant Commercial,3,80,6,3,2
1440,37,M,3500,CÃ©libataire,Consulting,Consultant,0,80,7,6,5
1441,56,F,2066,MariÃ©(e),Consulting,Assistant de Direction,2,80,5,3,2
1443,47,F,17169,MariÃ©(e),Consulting,Directeur Technique,3,80,26,20,17
1445,24,F,4162,MariÃ©(e),Commercial,Cadre Commercial,1,80,5,5,4
1446,32,M,9204,MariÃ©(e),Commercial,Cadre Commercial,4,80,7,4,3
1447,34,F,3294,MariÃ©(e),Consulting,Consultant,5,80,7,5,4
1448,41,M,2127,MariÃ©(e),Consulting,Assistant de Direction,2,80,7,4,2
1449,40,M,3975,DivorcÃ©(e),Consulting,Consultant,3,80,11,8,7
1453,31,M,10793,DivorcÃ©(e),Commercial,Cadre Commercial,1,80,13,13,7
1457,46,M,10096,DivorcÃ©(e),Commercial,Cadre Commercial,4,80,28,7,7
1458,39,F,3646,CÃ©libataire,Consulting,Consultant,2,80,11,1,0
1459,31,F,7446,CÃ©libataire,Consulting,Tech Lead,1,80,10,10,8
1460,45,M,10851,DivorcÃ©(e),Consulting,Manager,2,80,24,7,7
1461,31,F,2109,CÃ©libataire,Ressources Humaines,Ressources Humaines,9,80,8,3,2
1464,31,M,3722,MariÃ©(e),Consulting,Consultant,6,80,7,2,2
1465,45,M,9380,MariÃ©(e),Consulting,Tech Lead,4,80,10,3,1
1466,48,M,5486,DivorcÃ©(e),Commercial,Cadre Commercial,4,80,15,2,2
1467,34,F,2742,MariÃ©(e),Ressources Humaines,Ressources Humaines,1,80,2,2,2
1468,40,M,13757,DivorcÃ©(e),Consulting,Directeur Technique,2,80,16,9,8
1469,28,M,8463,CÃ©libataire,Commercial,Cadre Commercial,0,80,6,5,4
1471,44,M,3162,CÃ©libataire,Consulting,Consultant,3,80,7,5,2
1472,53,M,16598,CÃ©libataire,Consulting,Directeur Technique,4,80,35,9,8
1473,49,M,6651,MariÃ©(e),Consulting,Manager,2,80,20,3,2
1474,40,M,2345,DivorcÃ©(e),Consulting,Assistant de Direction,2,80,8,3,1
1475,44,M,3420,CÃ©libataire,Consulting,Assistant de Direction,1,80,6,5,2
1477,33,M,4373,MariÃ©(e),Commercial,Cadre Commercial,0,80,5,4,3
1478,34,M,4759,CÃ©libataire,Commercial,Cadre Commercial,3,80,15,13,9
1479,30,M,5301,MariÃ©(e),Commercial,Cadre Commercial,8,80,4,2,1
1480,42,F,3673,CÃ©libataire,Consulting,Consultant,1,80,12,12,9
1481,44,F,4768,MariÃ©(e),Commercial,Cadre Commercial,7,80,11,1,0
1482,30,M,1274,DivorcÃ©(e),Consulting,Assistant de Direction,1,80,1,1,0
1483,57,M,4900,MariÃ©(e),Consulting,Assistant de Direction,0,80,13,12,9
1484,49,M,10466,DivorcÃ©(e),Consulting,Manager,3,80,29,8,7
1485,34,M,17007,DivorcÃ©(e),Consulting,Directeur Technique,7,80,16,14,8
1486,28,M,2909,MariÃ©(e),Commercial,ReprÃ©sentant Commercial,3,80,5,3,2
1487,29,F,5765,CÃ©libataire,Commercial,Cadre Commercial,5,80,7,5,3
1489,34,F,4599,CÃ©libataire,Commercial,Cadre Commercial,0,80,16,15,9
1492,35,M,2404,MariÃ©(e),Commercial,ReprÃ©sentant Commercial,1,80,1,1,0
1494,24,M,3172,CÃ©libataire,Consulting,Consultant,2,80,4,0,0
1495,24,F,2033,MariÃ©(e),Commercial,ReprÃ©sentant Commercial,1,80,1,1,0
1496,44,M,10209,CÃ©libataire,Consulting,Tech Lead,5,80,16,2,2
1497,29,M,8620,DivorcÃ©(e),Commercial,Cadre Commercial,1,80,10,10,7
1499,30,M,2064,DivorcÃ©(e),Ressources Humaines,Ressources Humaines,0,80,6,5,3
1501,55,M,4035,MariÃ©(e),Consulting,Manager,0,80,4,3,2
1502,33,F,3838,MariÃ©(e),Consulting,Consultant,8,80,8,5,4
1503,47,F,4591,MariÃ©(e),Commercial,Cadre Commercial,3,80,11,5,4
1504,28,M,2561,CÃ©libataire,Consulting,Consultant,7,80,8,0,0
1506,28,M,1563,DivorcÃ©(e),Consulting,Assistant de Direction,1,80,1,1,0
1507,28,M,4898,CÃ©libataire,Commercial,Cadre Commercial,0,80,5,4,2
1509,49,F,4789,MariÃ©(e),Consulting,Consultant,4,80,10,3,2
1513,29,F,3180,MariÃ©(e),Consulting,Consultant,0,80,4,3,2
1514,28,M,6549,MariÃ©(e),Consulting,Tech Lead,1,80,8,8,6
1515,33,M,6388,CÃ©libataire,Consulting,Manager,2,80,14,0,0
1516,32,M,11244,CÃ©libataire,Consulting,Senior Manager,2,80,10,5,2
1520,54,F,16032,DivorcÃ©(e),Consulting,Senior Manager,3,80,26,14,9
1522,29,M,2362,CÃ©libataire,Consulting,Assistant de Direction,6,80,11,9,7
1523,44,M,16328,MariÃ©(e),Consulting,Directeur Technique,3,80,24,20,6
1525,39,F,8376,CÃ©libataire,Consulting,Tech Lead,4,80,9,2,0
1527,46,F,16606,MariÃ©(e),Commercial,Senior Manager,8,80,23,13,12
1529,35,F,8606,CÃ©libataire,Consulting,Manager,1,80,11,11,8
1533,23,M,2272,CÃ©libataire,Consulting,Consultant,0,80,5,4,3
1534,40,M,2018,CÃ©libataire,Consulting,Consultant,3,80,15,5,4
1535,34,M,7083,MariÃ©(e),Commercial,Cadre Commercial,1,80,10,10,9
1537,31,F,4084,CÃ©libataire,Consulting,Assistant de Direction,1,80,7,7,2
1539,50,M,14411,CÃ©libataire,Consulting,Directeur Technique,1,80,32,32,6
1541,34,M,2308,MariÃ©(e),Commercial,ReprÃ©sentant Commercial,0,80,12,11,10
1542,42,M,4841,MariÃ©(e),Consulting,Consultant,4,80,4,1,0
1543,37,M,4285,MariÃ©(e),Consulting,Assistant de Direction,1,80,10,10,8
1544,29,F,9715,MariÃ©(e),Consulting,Manager,3,80,9,7,7
1545,33,M,4320,CÃ©libataire,Consulting,Tech Lead,1,80,5,5,3
1546,45,M,2132,MariÃ©(e),Consulting,Assistant de Direction,4,80,8,5,4
1547,42,M,10124,MariÃ©(e),Consulting,Manager,2,80,24,20,8
1548,40,M,5473,MariÃ©(e),Commercial,Cadre Commercial,0,80,9,8,4
1549,33,M,5207,MariÃ©(e),Consulting,Consultant,1,80,15,15,14
1550,40,M,16437,CÃ©libataire,Ressources Humaines,Senior Manager,1,80,21,21,7
1551,24,M,2296,DivorcÃ©(e),Consulting,Consultant,0,80,2,1,1
1552,40,M,4069,DivorcÃ©(e),Consulting,Manager,3,80,8,2,2
1553,45,M,7441,DivorcÃ©(e),Consulting,Manager,1,80,10,10,8
1554,35,F,2430,MariÃ©(e),Commercial,ReprÃ©sentant Commercial,0,80,6,5,3
1555,32,F,5878,MariÃ©(e),Consulting,Assistant de Direction,3,80,12,7,1
1556,36,M,2644,CÃ©libataire,Commercial,ReprÃ©sentant Commercial,3,80,7,3,2
1557,48,F,6439,DivorcÃ©(e),Commercial,Cadre Commercial,8,80,18,8,7
1558,29,M,2451,MariÃ©(e),Consulting,Assistant de Direction,6,80,5,1,0
1560,33,M,6392,MariÃ©(e),Commercial,Cadre Commercial,2,80,8,2,2
1562,30,M,9714,MariÃ©(e),Commercial,Cadre Commercial,1,80,10,10,8
1563,38,M,6077,MariÃ©(e),Ressources Humaines,Ressources Humaines,3,80,10,6,3
1564,35,M,2450,CÃ©libataire,Consulting,Consultant,1,80,3,3,0
1568,30,M,9250,MariÃ©(e),Commercial,Cadre Commercial,3,80,9,4,2
1569,35,F,2074,DivorcÃ©(e),Consulting,Consultant,1,80,1,1,0
1572,53,F,10169,MariÃ©(e),Consulting,Tech Lead,0,80,34,33,7
1573,38,M,4855,MariÃ©(e),Consulting,Tech Lead,4,80,7,5,2
1574,32,M,4087,MariÃ©(e),Consulting,Assistant de Direction,4,80,9,6,5
1576,48,F,2367,MariÃ©(e),Consulting,Assistant de Direction,8,80,10,8,2
1577,34,M,2972,CÃ©libataire,Consulting,Assistant de Direction,1,80,1,1,0
1578,55,M,19586,MariÃ©(e),Commercial,Senior Manager,1,80,36,36,6
1580,34,M,5484,MariÃ©(e),Consulting,Assistant de Direction,9,80,9,2,2
1581,26,F,2061,MariÃ©(e),Consulting,Assistant de Direction,1,80,1,1,0
1582,38,M,9924,MariÃ©(e),Commercial,Cadre Commercial,0,80,10,9,8
1583,38,F,4198,CÃ©libataire,Commercial,Cadre Commercial,2,80,8,3,2
1585,36,F,6815,CÃ©libataire,Commercial,Cadre Commercial,6,80,15,1,0
1586,29,M,4723,CÃ©libataire,Consulting,Consultant,1,80,10,10,9
1587,35,F,6142,CÃ©libataire,Consulting,Manager,3,80,10,5,2
1588,39,M,8237,MariÃ©(e),Commercial,Cadre Commercial,2,80,11,7,6
1590,29,M,8853,DivorcÃ©(e),Consulting,Manager,1,80,6,6,4
1591,50,M,19331,MariÃ©(e),Commercial,Senior Manager,4,80,27,1,0
1592,23,M,2073,MariÃ©(e),Consulting,Assistant de Direction,2,80,4,2,2
1594,36,M,5562,MariÃ©(e),Consulting,Consultant,3,80,9,3,2
1595,42,M,19613,CÃ©libataire,Consulting,Senior Manager,8,80,24,1,0
1596,35,M,3407,MariÃ©(e),Consulting,Consultant,1,80,10,10,9
1597,34,M,5063,MariÃ©(e),Consulting,Manager,1,80,8,8,2
1598,40,F,4639,MariÃ©(e),Commercial,Cadre Commercial,1,80,5,5,4
1599,43,M,4876,DivorcÃ©(e),Consulting,Consultant,5,80,8,6,4
1601,35,M,2690,MariÃ©(e),Consulting,Consultant,1,80,1,1,0
1602,46,M,17567,CÃ©libataire,Commercial,Senior Manager,1,80,27,26,0
1604,28,M,2408,MariÃ©(e),Consulting,Consultant,1,80,1,1,1
1605,22,F,2814,MariÃ©(e),Consulting,Assistant de Direction,1,80,4,4,2
1606,50,M,11245,MariÃ©(e),Consulting,Manager,2,80,32,30,8
1607,32,F,3312,MariÃ©(e),Consulting,Assistant de Direction,3,80,6,3,2
1608,44,F,19049,DivorcÃ©(e),Consulting,Directeur Technique,0,80,23,22,7
1609,30,M,2141,MariÃ©(e),Consulting,Assistant de Direction,1,80,6,6,4
1611,45,F,5769,CÃ©libataire,Consulting,Consultant,1,80,10,10,7
1612,45,M,4385,MariÃ©(e),Commercial,Cadre Commercial,1,80,10,10,7
1613,31,M,5332,CÃ©libataire,Commercial,Cadre Commercial,7,80,10,5,2
1614,36,F,4663,MariÃ©(e),Consulting,Tech Lead,9,80,7,3,2
1615,34,M,4724,DivorcÃ©(e),Consulting,Tech Lead,1,80,9,9,7
1617,49,F,3211,MariÃ©(e),Consulting,Consultant,1,80,10,9,6
1618,39,M,5377,MariÃ©(e),Consulting,Tech Lead,2,80,10,7,7
1619,27,M,4066,DivorcÃ©(e),Consulting,Consultant,1,80,7,7,7
1621,35,M,5208,MariÃ©(e),Consulting,Assistant de Direction,1,80,16,16,15
1622,28,F,4877,DivorcÃ©(e),Consulting,Tech Lead,0,80,6,5,3
1623,21,M,3117,CÃ©libataire,Consulting,Assistant de Direction,1,80,3,2,2
1624,18,F,1569,CÃ©libataire,Commercial,ReprÃ©sentant Commercial,1,80,0,0,0
1625,47,F,19658,MariÃ©(e),Ressources Humaines,Senior Manager,3,80,27,5,2
1627,39,M,3069,DivorcÃ©(e),Consulting,Consultant,0,80,11,10,8
1628,40,F,10435,MariÃ©(e),Consulting,Tech Lead,1,80,18,18,15
1630,35,F,4148,MariÃ©(e),Consulting,Manager,1,80,15,14,11
1631,37,M,5768,MariÃ©(e),Consulting,Tech Lead,3,80,9,4,3
1633,39,F,5042,CÃ©libataire,Consulting,Tech Lead,0,80,10,9,2
1635,45,F,5770,DivorcÃ©(e),Consulting,Tech Lead,1,80,10,10,7
1638,38,F,7756,MariÃ©(e),Consulting,Tech Lead,3,80,10,5,4
1639,35,M,10306,MariÃ©(e),Commercial,Cadre Commercial,9,80,15,13,12
1640,37,F,3936,MariÃ©(e),Consulting,Assistant de Direction,1,80,8,8,4
1641,40,F,7945,CÃ©libataire,Consulting,Tech Lead,6,80,18,4,2
1642,44,M,5743,MariÃ©(e),Ressources Humaines,Ressources Humaines,4,80,14,10,7
1644,48,M,15202,MariÃ©(e),Consulting,Senior Manager,2,80,23,2,2
1645,35,M,5440,DivorcÃ©(e),Commercial,Cadre Commercial,6,80,7,2,2
1646,24,F,3760,CÃ©libataire,Consulting,Assistant de Direction,1,80,6,6,3
1647,27,F,3517,MariÃ©(e),Consulting,Assistant de Direction,7,80,5,3,2
1648,27,M,2580,CÃ©libataire,Consulting,Assistant de Direction,2,80,6,4,2
1649,40,M,2166,CÃ©libataire,Consulting,Consultant,3,80,10,4,2
1650,29,M,5869,CÃ©libataire,Commercial,Cadre Commercial,9,80,8,5,2
1651,36,F,8008,MariÃ©(e),Consulting,Manager,4,80,9,3,2
1653,25,M,5206,DivorcÃ©(e),Consulting,Tech Lead,1,80,7,7,7
1654,39,M,5295,MariÃ©(e),Consulting,Tech Lead,4,80,7,5,4
1655,49,F,16413,MariÃ©(e),Consulting,Directeur Technique,3,80,27,4,2
1656,50,F,13269,DivorcÃ©(e),Consulting,Directeur Technique,5,80,19,14,11
1657,20,F,2783,CÃ©libataire,Commercial,ReprÃ©sentant Commercial,1,80,2,2,2
1658,34,F,5433,DivorcÃ©(e),Consulting,Assistant de Direction,1,80,11,11,8
1659,36,M,2013,CÃ©libataire,Consulting,Consultant,2,80,15,4,3
1661,49,F,13966,MariÃ©(e),Consulting,Manager,2,80,30,15,11
1662,36,F,4374,MariÃ©(e),Consulting,Tech Lead,0,80,4,3,2
1664,36,M,6842,DivorcÃ©(e),Consulting,Manager,6,80,13,5,4
1665,54,F,17426,MariÃ©(e),Consulting,Senior Manager,3,80,36,10,8
1666,43,M,17603,MariÃ©(e),Consulting,Directeur Technique,1,80,14,14,10
1667,35,M,4581,CÃ©libataire,Commercial,Cadre Commercial,3,80,13,11,9
1668,38,M,4735,MariÃ©(e),Consulting,Assistant de Direction,7,80,19,13,11
1669,29,M,4187,DivorcÃ©(e),Commercial,Cadre Commercial,1,80,10,10,0
1670,33,M,5505,DivorcÃ©(e),Commercial,Cadre Commercial,1,80,6,6,2
1671,32,M,5470,DivorcÃ©(e),Consulting,Assistant de Direction,0,80,10,9,5
1673,31,F,5476,MariÃ©(e),Commercial,Cadre Commercial,1,80,10,10,0
1674,49,F,2587,DivorcÃ©(e),Consulting,Consultant,4,80,17,2,2
1675,38,F,2440,CÃ©libataire,Consulting,Consultant,1,80,4,4,3
1676,47,F,15972,DivorcÃ©(e),Commercial,Senior Manager,6,80,29,3,2
1677,49,M,15379,CÃ©libataire,Consulting,Senior Manager,4,80,23,8,7
1678,41,M,7082,CÃ©libataire,Commercial,Cadre Commercial,3,80,21,2,0
1680,20,M,2728,CÃ©libataire,Commercial,ReprÃ©sentant Commercial,1,80,2,2,2
1681,33,F,5368,DivorcÃ©(e),Commercial,Cadre Commercial,1,80,7,6,5
1682,36,M,5347,MariÃ©(e),Consulting,Manager,6,80,10,3,2
1683,44,F,3195,DivorcÃ©(e),Ressources Humaines,Ressources Humaines,4,80,8,2,2
1684,23,M,3989,CÃ©libataire,Consulting,Consultant,1,80,5,5,4
1687,38,F,3306,MariÃ©(e),Consulting,Consultant,7,80,7,0,0
1689,53,M,7005,MariÃ©(e),Consulting,Manager,3,80,11,4,3
1691,48,F,2655,MariÃ©(e),Commercial,ReprÃ©sentant Commercial,2,80,19,9,7
1692,32,M,1393,CÃ©libataire,Consulting,Consultant,1,80,1,1,0
1693,26,M,2570,CÃ©libataire,Consulting,Consultant,1,80,7,7,7
1694,55,M,3537,DivorcÃ©(e),Consulting,Assistant de Direction,5,80,8,4,2
1696,34,M,3986,MariÃ©(e),Consulting,Consultant,1,80,15,15,10
1697,60,M,10883,DivorcÃ©(e),Consulting,Manager,3,80,19,1,0
1698,33,M,2028,MariÃ©(e),Consulting,Consultant,1,80,14,14,11
1700,37,M,9525,DivorcÃ©(e),Commercial,Cadre Commercial,1,80,6,6,3
1701,34,F,2929,MariÃ©(e),Consulting,Assistant de Direction,1,80,10,10,9
1702,23,M,2275,DivorcÃ©(e),Commercial,ReprÃ©sentant Commercial,1,80,3,3,2
1703,44,F,7879,MariÃ©(e),Consulting,Manager,1,80,9,8,7
1704,35,M,4930,CÃ©libataire,Consulting,Assistant de Direction,0,80,6,5,4
1706,43,M,7847,MariÃ©(e),Commercial,Cadre Commercial,1,80,10,10,9
1707,24,M,4401,MariÃ©(e),Consulting,Assistant de Direction,1,80,5,5,3
1708,41,M,9241,CÃ©libataire,Commercial,Cadre Commercial,1,80,10,10,8
1709,29,F,2974,MariÃ©(e),Consulting,Consultant,9,80,9,5,3
1710,36,F,4502,CÃ©libataire,Commercial,ReprÃ©sentant Commercial,3,80,17,13,7
1712,45,M,10748,MariÃ©(e),Consulting,Manager,3,80,25,23,15
1714,24,M,1555,MariÃ©(e),Ressources Humaines,Ressources Humaines,1,80,1,1,0
1716,47,M,12936,MariÃ©(e),Commercial,Cadre Commercial,7,80,25,23,5
1718,26,M,2305,MariÃ©(e),Consulting,Consultant,1,80,3,3,2
1719,45,F,16704,CÃ©libataire,Consulting,Directeur Technique,1,80,21,21,6
1720,32,M,3433,MariÃ©(e),Consulting,Assistant de Direction,6,80,10,5,2
1721,31,M,3477,MariÃ©(e),Consulting,Consultant,1,80,6,5,2
1722,41,M,6430,MariÃ©(e),Ressources Humaines,Ressources Humaines,6,80,10,3,2
1724,40,F,6516,MariÃ©(e),Consulting,Tech Lead,2,80,18,1,0
1725,24,M,3907,DivorcÃ©(e),Consulting,Consultant,1,80,6,6,2
1727,46,M,5562,CÃ©libataire,Consulting,Manager,6,80,19,10,7
1728,35,M,6883,MariÃ©(e),Consulting,Tech Lead,2,80,17,7,7
1729,30,M,2862,MariÃ©(e),Consulting,Assistant de Direction,1,80,10,10,0
1731,47,M,4978,MariÃ©(e),Commercial,Cadre Commercial,7,80,4,1,0
1732,46,M,10368,DivorcÃ©(e),Commercial,Cadre Commercial,4,80,13,10,6
1733,36,M,6134,DivorcÃ©(e),Commercial,Cadre Commercial,5,80,16,2,2
1734,32,M,6735,CÃ©libataire,Commercial,Cadre Commercial,6,80,10,0,0
1735,23,F,3295,CÃ©libataire,Consulting,Consultant,1,80,3,3,2
1736,31,F,5238,CÃ©libataire,Consulting,Tech Lead,2,80,9,5,4
1737,39,M,6472,MariÃ©(e),Consulting,Consultant,1,80,9,9,8
1739,32,M,9610,MariÃ©(e),Commercial,Cadre Commercial,3,80,10,4,3
1740,40,M,19833,CÃ©libataire,Commercial,Senior Manager,1,80,21,21,8
1744,45,F,9756,MariÃ©(e),Ressources Humaines,Ressources Humaines,4,80,9,5,0
1745,30,F,4968,CÃ©libataire,Consulting,Assistant de Direction,0,80,10,9,7
1746,24,M,2145,MariÃ©(e),Ressources Humaines,Ressources Humaines,0,80,3,2,2
1747,30,F,2180,DivorcÃ©(e),Ressources Humaines,Ressources Humaines,6,80,6,4,2
1749,31,M,8346,MariÃ©(e),Commercial,Cadre Commercial,1,80,6,5,2
1751,27,F,3445,CÃ©libataire,Consulting,Assistant de Direction,1,80,6,6,2
1752,29,F,2760,CÃ©libataire,Commercial,ReprÃ©sentant Commercial,1,80,2,2,2
1753,29,M,6294,CÃ©libataire,Consulting,Manager,8,80,10,3,2
1754,30,M,7140,DivorcÃ©(e),Commercial,Cadre Commercial,2,80,12,7,7
1755,34,M,2932,MariÃ©(e),Consulting,Assistant de Direction,0,80,6,5,0
1756,33,F,5147,CÃ©libataire,Commercial,Cadre Commercial,8,80,13,11,7
1757,49,F,4507,CÃ©libataire,Commercial,Cadre Commercial,3,80,8,5,1
1758,33,F,8564,CÃ©libataire,Commercial,Cadre Commercial,2,80,11,0,0
1760,38,F,2468,MariÃ©(e),Consulting,Consultant,4,80,9,6,1
1761,31,M,8161,MariÃ©(e),Commercial,Cadre Commercial,2,80,10,1,0
1762,29,F,2109,DivorcÃ©(e),Consulting,Assistant de Direction,1,80,1,1,0
1763,30,M,5294,MariÃ©(e),Consulting,Manager,3,80,10,7,0
1764,32,M,2718,CÃ©libataire,Consulting,Assistant de Direction,2,80,12,7,7
1766,38,M,5811,MariÃ©(e),Consulting,Manager,3,80,15,1,0
1767,43,M,2437,MariÃ©(e),Consulting,Assistant de Direction,9,80,6,1,0
1768,42,M,2766,DivorcÃ©(e),Consulting,Consultant,8,80,7,5,3
1770,55,M,19038,MariÃ©(e),Consulting,Directeur Technique,8,80,34,1,0
1771,33,M,3055,DivorcÃ©(e),Consulting,Assistant de Direction,5,80,11,9,8
1772,41,M,2289,DivorcÃ©(e),Consulting,Consultant,1,80,5,5,3
1774,34,M,4001,DivorcÃ©(e),Commercial,Cadre Commercial,1,80,15,15,14
1775,53,F,12965,MariÃ©(e),Consulting,Tech Lead,4,80,27,3,2
1778,43,M,3539,CÃ©libataire,Ressources Humaines,Ressources Humaines,0,80,10,9,7
1779,34,F,6029,CÃ©libataire,Commercial,Cadre Commercial,5,80,6,2,2
1780,21,M,2679,CÃ©libataire,Commercial,ReprÃ©sentant Commercial,1,80,1,1,0
1782,38,F,3702,MariÃ©(e),Consulting,Consultant,1,80,5,5,4
1783,22,F,2398,MariÃ©(e),Consulting,Consultant,1,80,1,1,0
1784,31,F,5468,MariÃ©(e),Commercial,Cadre Commercial,1,80,13,12,7
1786,51,F,13116,MariÃ©(e),Consulting,Senior Manager,2,80,15,2,2
1787,37,M,4189,MariÃ©(e),Commercial,Cadre Commercial,1,80,5,5,2
1789,46,M,19328,DivorcÃ©(e),Consulting,Directeur Technique,7,80,24,2,1
1790,36,M,8321,MariÃ©(e),Consulting,Manager,7,80,15,12,8
1792,44,M,2342,DivorcÃ©(e),Consulting,Assistant de Direction,1,80,6,5,3
1794,37,M,4071,DivorcÃ©(e),Ressources Humaines,Ressources Humaines,2,80,19,10,0
1797,35,M,5813,CÃ©libataire,Commercial,Cadre Commercial,1,80,10,10,7
1798,33,M,3143,MariÃ©(e),Consulting,Assistant de Direction,6,80,14,10,8
1799,28,M,2044,MariÃ©(e),Consulting,Assistant de Direction,1,80,5,5,3
1800,39,M,13464,CÃ©libataire,Consulting,Directeur Technique,7,80,9,4,3
1801,46,M,7991,CÃ©libataire,Commercial,Cadre Commercial,8,80,6,2,2
1802,40,F,3377,MariÃ©(e),Consulting,Consultant,4,80,7,4,3
1803,42,M,5538,MariÃ©(e),Consulting,Manager,5,80,10,0,0
1804,35,M,5762,DivorcÃ©(e),Consulting,Tech Lead,2,80,15,7,7
1805,38,M,2592,DivorcÃ©(e),Ressources Humaines,Ressources Humaines,5,80,13,11,10
1807,34,M,5346,MariÃ©(e),Consulting,Consultant,4,80,11,7,1
1809,37,M,4213,CÃ©libataire,Consulting,Tech Lead,1,80,10,10,3
1812,39,M,4127,DivorcÃ©(e),Commercial,Cadre Commercial,2,80,7,2,1
1813,43,M,2438,CÃ©libataire,Consulting,Assistant de Direction,4,80,7,3,2
1814,41,M,6870,CÃ©libataire,Consulting,Manager,3,80,11,3,2
1815,41,F,10447,DivorcÃ©(e),Commercial,Cadre Commercial,0,80,23,22,14
1816,30,F,9667,CÃ©libataire,Consulting,Tech Lead,9,80,9,7,7
1818,26,F,2148,MariÃ©(e),Ressources Humaines,Ressources Humaines,0,80,6,5,1
1821,46,F,8926,MariÃ©(e),Consulting,Manager,4,80,13,9,7
1822,40,F,6513,DivorcÃ©(e),Consulting,Manager,4,80,12,5,3
1823,34,M,6799,MariÃ©(e),Commercial,Cadre Commercial,1,80,10,10,8
1824,58,M,16291,DivorcÃ©(e),Commercial,Senior Manager,4,80,37,16,9
1826,35,M,2705,MariÃ©(e),Consulting,Consultant,0,80,6,5,4
1827,47,F,10333,DivorcÃ©(e),Consulting,Tech Lead,8,80,28,22,11
1829,40,F,4448,DivorcÃ©(e),Consulting,Manager,2,80,15,7,4
1830,54,F,6854,MariÃ©(e),Consulting,Assistant de Direction,4,80,14,7,1
1833,31,F,9637,MariÃ©(e),Commercial,Cadre Commercial,2,80,9,3,2
1834,28,F,3591,MariÃ©(e),Consulting,Assistant de Direction,1,80,3,3,2
1835,38,F,5405,MariÃ©(e),Commercial,ReprÃ©sentant Commercial,2,80,20,4,2
1836,26,M,4684,CÃ©libataire,Commercial,Cadre Commercial,1,80,5,5,3
1837,58,M,15787,MariÃ©(e),Consulting,Directeur Technique,2,80,23,2,2
1839,18,F,1514,CÃ©libataire,Consulting,Assistant de Direction,1,80,0,0,0
1842,31,M,2956,MariÃ©(e),Ressources Humaines,Ressources Humaines,0,80,2,1,0
1844,29,M,2335,DivorcÃ©(e),Ressources Humaines,Ressources Humaines,4,80,4,2,2
1845,45,F,5154,MariÃ©(e),Commercial,Cadre Commercial,4,80,10,8,7
1847,36,F,6962,MariÃ©(e),Consulting,Assistant de Direction,4,80,15,1,0
1849,43,M,5675,MariÃ©(e),Commercial,Cadre Commercial,1,80,7,7,7
1850,27,F,2379,CÃ©libataire,Consulting,Consultant,0,80,6,5,4
1852,29,M,3812,MariÃ©(e),Consulting,Consultant,1,80,11,11,8
1853,32,M,4648,CÃ©libataire,Commercial,Cadre Commercial,8,80,4,0,0
1854,42,M,2936,MariÃ©(e),Consulting,Assistant de Direction,3,80,10,6,3
1856,47,F,2105,CÃ©libataire,Consulting,Consultant,4,80,7,2,2
1857,46,M,8578,DivorcÃ©(e),Consulting,Tech Lead,3,80,12,9,8
1858,28,M,2706,DivorcÃ©(e),Ressources Humaines,Ressources Humaines,1,80,3,3,2
1859,29,M,6384,DivorcÃ©(e),Consulting,Manager,8,80,11,7,0
1860,42,M,3968,CÃ©libataire,Consulting,Consultant,4,80,8,0,0
1862,32,M,9907,CÃ©libataire,Commercial,Cadre Commercial,7,80,7,2,2
1863,46,F,13225,DivorcÃ©(e),Commercial,Cadre Commercial,2,80,25,19,17
1864,27,F,3540,MariÃ©(e),Commercial,ReprÃ©sentant Commercial,1,80,9,9,8
1865,29,M,2804,MariÃ©(e),Ressources Humaines,Ressources Humaines,1,80,1,1,0
1866,43,F,19392,MariÃ©(e),Consulting,Senior Manager,7,80,21,16,12
1867,48,M,19665,MariÃ©(e),Consulting,Directeur Technique,4,80,29,22,10
1868,29,M,2439,CÃ©libataire,Consulting,Assistant de Direction,1,80,1,1,0
1869,46,F,7314,MariÃ©(e),Commercial,Cadre Commercial,5,80,14,8,7
1870,27,F,4774,MariÃ©(e),Consulting,Assistant de Direction,0,80,8,7,6
1871,39,M,3902,DivorcÃ©(e),Consulting,Assistant de Direction,8,80,7,2,2
1873,55,M,2662,MariÃ©(e),Consulting,Assistant de Direction,8,80,19,5,2
1875,28,F,2856,MariÃ©(e),Commercial,ReprÃ©sentant Commercial,1,80,1,1,0
1876,30,M,1081,CÃ©libataire,Commercial,ReprÃ©sentant Commercial,1,80,1,1,0
1878,22,M,2472,CÃ©libataire,Consulting,Assistant de Direction,1,80,1,1,0
1880,36,F,5673,MariÃ©(e),Commercial,Cadre Commercial,1,80,10,10,9
1881,31,M,4197,DivorcÃ©(e),Consulting,Consultant,1,80,10,10,8
1882,34,M,9713,MariÃ©(e),Commercial,Cadre Commercial,2,80,9,5,3
1883,29,M,2062,CÃ©libataire,Consulting,Consultant,3,80,11,3,2
1885,37,M,4284,MariÃ©(e),Consulting,Assistant de Direction,5,80,16,5,3
1886,35,F,4788,MariÃ©(e),Consulting,Tech Lead,0,80,4,3,2
1888,45,F,5906,MariÃ©(e),Consulting,Tech Lead,0,80,10,9,8
1890,36,M,3886,CÃ©libataire,Ressources Humaines,Ressources Humaines,1,80,10,10,1
1892,40,M,16823,DivorcÃ©(e),Consulting,Senior Manager,2,80,22,19,7
1893,26,F,2933,MariÃ©(e),Consulting,Assistant de Direction,1,80,1,1,0
1898,27,F,6500,CÃ©libataire,Commercial,Cadre Commercial,0,80,9,8,7
1900,48,F,17174,DivorcÃ©(e),Consulting,Senior Manager,3,80,24,22,17
1903,44,M,5033,MariÃ©(e),Consulting,Manager,2,80,10,2,0
1905,34,M,2307,MariÃ©(e),Consulting,Assistant de Direction,1,80,5,5,2
1907,56,M,2587,CÃ©libataire,Consulting,Consultant,1,80,5,4,2
1908,36,M,5507,MariÃ©(e),Commercial,Cadre Commercial,2,80,12,4,2
1909,41,F,4393,MariÃ©(e),Commercial,Cadre Commercial,5,80,14,5,4
1911,42,M,13348,MariÃ©(e),Consulting,Directeur Technique,9,80,18,13,7
1912,31,F,6583,DivorcÃ©(e),Commercial,Cadre Commercial,2,80,8,5,2
1915,34,F,8103,MariÃ©(e),Commercial,Cadre Commercial,3,80,9,4,2
1916,31,F,3978,DivorcÃ©(e),Consulting,Consultant,8,80,4,2,2
1918,26,M,2544,MariÃ©(e),Consulting,Consultant,0,80,8,7,7
1922,45,M,5399,CÃ©libataire,Consulting,Manager,4,80,12,4,2
1924,33,M,5487,CÃ©libataire,Commercial,Cadre Commercial,1,80,10,10,4
1927,28,M,6834,MariÃ©(e),Commercial,Cadre Commercial,1,80,7,7,7
1928,29,M,1091,CÃ©libataire,Commercial,ReprÃ©sentant Commercial,1,80,1,1,0
1929,39,F,5736,MariÃ©(e),Commercial,Cadre Commercial,6,80,10,3,2
1931,27,M,2226,MariÃ©(e),Consulting,Assistant de Direction,1,80,6,5,3
1932,34,M,5747,MariÃ©(e),Consulting,Assistant de Direction,1,80,16,15,10
1933,28,F,9854,CÃ©libataire,Commercial,Cadre Commercial,3,80,6,2,0
1934,47,M,5467,MariÃ©(e),Consulting,Assistant de Direction,8,80,16,8,7
1935,56,F,5380,MariÃ©(e),Commercial,Cadre Commercial,4,80,6,0,0
1936,39,M,5151,MariÃ©(e),Consulting,Tech Lead,1,80,10,10,0
1937,38,F,2133,DivorcÃ©(e),Consulting,Assistant de Direction,1,80,20,20,11
1938,58,F,17875,MariÃ©(e),Commercial,Senior Manager,4,80,29,1,0
1939,32,F,2432,CÃ©libataire,Consulting,Assistant de Direction,3,80,8,4,1
1940,38,M,4771,DivorcÃ©(e),Consulting,Assistant de Direction,2,80,10,5,2
1941,49,M,19161,MariÃ©(e),Consulting,Directeur Technique,3,80,28,5,4
1943,42,M,5087,DivorcÃ©(e),Commercial,Cadre Commercial,3,80,14,0,0
1944,27,F,2863,MariÃ©(e),Ressources Humaines,Ressources Humaines,1,80,1,1,0
1945,35,M,5561,MariÃ©(e),Commercial,Cadre Commercial,0,80,6,5,3
1947,28,M,2144,CÃ©libataire,Consulting,Assistant de Direction,1,80,5,5,3
1948,31,M,3065,DivorcÃ©(e),Consulting,Assistant de Direction,1,80,4,4,2
1949,36,M,2810,MariÃ©(e),Consulting,Consultant,1,80,5,5,4
1950,34,M,9888,CÃ©libataire,Commercial,Cadre Commercial,1,80,14,14,8
1951,34,M,8628,DivorcÃ©(e),Commercial,Cadre Commercial,1,80,9,8,7
1952,26,M,2867,CÃ©libataire,Consulting,Consultant,0,80,8,7,7
1954,29,M,5373,MariÃ©(e),Consulting,Manager,0,80,6,5,3
1955,32,F,6667,DivorcÃ©(e),Consulting,Manager,5,80,9,5,1
1956,31,M,5003,MariÃ©(e),Consulting,Assistant de Direction,1,80,10,10,8
1960,28,M,2367,DivorcÃ©(e),Consulting,Consultant,5,80,6,4,1
1961,38,M,2858,CÃ©libataire,Commercial,ReprÃ©sentant Commercial,4,80,20,1,0
1962,35,F,5204,MariÃ©(e),Commercial,Cadre Commercial,1,80,10,10,8
1965,27,M,4105,CÃ©libataire,Commercial,Cadre Commercial,1,80,7,7,7
1966,32,M,9679,CÃ©libataire,Consulting,Tech Lead,8,80,8,1,0
1967,31,M,5617,MariÃ©(e),Commercial,Cadre Commercial,1,80,10,10,7
1968,53,M,10448,CÃ©libataire,Commercial,Cadre Commercial,6,80,15,2,2
1969,54,F,2897,MariÃ©(e),Consulting,Assistant de Direction,3,80,9,4,3
1970,33,M,5968,DivorcÃ©(e),Consulting,Manager,1,80,9,9,7
1971,43,M,7510,MariÃ©(e),Consulting,Manager,1,80,10,10,9
1972,38,M,2991,MariÃ©(e),Ressources Humaines,Ressources Humaines,0,80,7,6,2
1973,55,M,19636,MariÃ©(e),Ressources Humaines,Senior Manager,4,80,35,10,9
1974,31,F,1129,DivorcÃ©(e),Consulting,Consultant,1,80,1,1,0
1975,39,M,13341,CÃ©libataire,Commercial,Cadre Commercial,0,80,21,20,8
1976,42,M,4332,CÃ©libataire,Consulting,Assistant de Direction,1,80,20,20,9
1979,31,F,11031,MariÃ©(e),Consulting,Directeur Technique,4,80,13,11,7
1980,54,F,4440,CÃ©libataire,Consulting,Tech Lead,6,80,9,5,2
1981,24,M,4617,CÃ©libataire,Consulting,Manager,1,80,4,4,3
1982,23,M,2647,CÃ©libataire,Consulting,Consultant,1,80,5,5,2
1985,40,F,6323,MariÃ©(e),Consulting,Consultant,1,80,10,10,9
1986,40,F,5677,MariÃ©(e),Commercial,Cadre Commercial,3,80,15,11,8
1987,25,F,2187,MariÃ©(e),Ressources Humaines,Ressources Humaines,4,80,6,2,0
1989,30,M,3748,MariÃ©(e),Consulting,Consultant,1,80,12,12,8
1992,25,M,3977,DivorcÃ©(e),Consulting,Consultant,6,80,7,2,2
1993,47,M,8633,CÃ©libataire,Consulting,Manager,2,80,25,17,14
1994,33,M,2008,DivorcÃ©(e),Consulting,Consultant,1,80,1,1,1
1995,38,M,4440,MariÃ©(e),Commercial,Cadre Commercial,0,80,16,15,13
1996,31,M,3067,MariÃ©(e),Commercial,ReprÃ©sentant Commercial,0,80,3,2,2
1997,38,M,5321,MariÃ©(e),Consulting,Tech Lead,2,80,10,8,3
1998,42,M,5410,DivorcÃ©(e),Consulting,Assistant de Direction,6,80,9,4,3
1999,41,M,2782,MariÃ©(e),Consulting,Assistant de Direction,3,80,12,5,3
2000,47,F,11957,MariÃ©(e),Consulting,Directeur Technique,0,80,14,13,8
2003,35,M,2660,MariÃ©(e),Consulting,Consultant,7,80,5,2,2
2007,22,M,3375,CÃ©libataire,Consulting,Assistant de Direction,0,80,4,3,2
2008,35,M,5098,CÃ©libataire,Consulting,Assistant de Direction,1,80,10,10,7
2009,33,F,4878,MariÃ©(e),Consulting,Manager,0,80,10,9,7
2010,32,F,2837,CÃ©libataire,Consulting,Consultant,1,80,6,6,2
2012,40,M,2406,MariÃ©(e),Consulting,Consultant,8,80,8,1,0
2013,32,M,2269,MariÃ©(e),Commercial,ReprÃ©sentant Commercial,0,80,3,2,2
2014,39,M,4108,CÃ©libataire,Consulting,Assistant de Direction,7,80,18,7,7
2015,38,F,13206,MariÃ©(e),Consulting,Directeur Technique,3,80,20,18,16
2016,32,F,10422,MariÃ©(e),Commercial,Cadre Commercial,1,80,14,14,10
2017,37,F,13744,MariÃ©(e),Consulting,Directeur Technique,1,80,16,16,11
2018,25,F,4907,DivorcÃ©(e),Commercial,Cadre Commercial,0,80,6,5,3
2019,52,M,3482,DivorcÃ©(e),Commercial,ReprÃ©sentant Commercial,2,80,16,9,8
2020,44,M,2436,CÃ©libataire,Consulting,Assistant de Direction,6,80,6,4,3
2021,21,M,2380,CÃ©libataire,Commercial,ReprÃ©sentant Commercial,1,80,2,2,2
2022,39,M,19431,CÃ©libataire,Consulting,Senior Manager,2,80,21,6,0
2023,23,M,1790,MariÃ©(e),Commercial,ReprÃ©sentant Commercial,1,80,1,1,0
2024,36,F,7644,MariÃ©(e),Commercial,Cadre Commercial,0,80,10,9,7
2025,36,F,5131,DivorcÃ©(e),Consulting,Tech Lead,7,80,18,4,2
2026,56,M,6306,DivorcÃ©(e),Consulting,Manager,1,80,13,13,12
2027,29,M,4787,MariÃ©(e),Consulting,Assistant de Direction,9,80,4,2,2
2031,42,M,18880,MariÃ©(e),Consulting,Senior Manager,5,80,24,22,6
2032,56,M,2339,MariÃ©(e),Consulting,Consultant,8,80,14,10,9
2034,41,F,13570,MariÃ©(e),Consulting,Tech Lead,0,80,21,20,7
2035,34,F,6712,MariÃ©(e),Commercial,Cadre Commercial,1,80,8,8,7
2036,36,M,5406,DivorcÃ©(e),Commercial,Cadre Commercial,1,80,15,15,12
2037,41,M,8938,DivorcÃ©(e),Commercial,Cadre Commercial,2,80,14,5,4
2038,32,M,2439,CÃ©libataire,Consulting,Assistant de Direction,1,80,4,4,2
2040,35,F,8837,CÃ©libataire,Ressources Humaines,Ressources Humaines,1,80,9,9,0
2041,38,F,5343,MariÃ©(e),Commercial,Cadre Commercial,1,80,10,10,7
2044,50,M,6728,DivorcÃ©(e),Commercial,Cadre Commercial,7,80,12,6,3
2045,36,F,6652,MariÃ©(e),Commercial,Cadre Commercial,4,80,8,6,3
2046,45,F,4850,CÃ©libataire,Commercial,Cadre Commercial,8,80,8,5,3
2048,40,M,2809,CÃ©libataire,Consulting,Assistant de Direction,2,80,8,2,2
2049,35,M,5689,MariÃ©(e),Consulting,Manager,1,80,10,10,2
2051,40,F,2001,MariÃ©(e),Consulting,Assistant de Direction,2,80,20,5,3
2052,35,F,2977,MariÃ©(e),Consulting,Assistant de Direction,1,80,4,4,3
2053,29,M,4025,MariÃ©(e),Consulting,Consultant,4,80,10,4,3
2054,29,F,3785,CÃ©libataire,Consulting,Assistant de Direction,1,80,5,5,4
2055,50,M,10854,DivorcÃ©(e),Commercial,Cadre Commercial,4,80,20,3,2
2056,39,F,12031,MariÃ©(e),Commercial,Cadre Commercial,0,80,21,20,9
2057,31,M,9936,CÃ©libataire,Consulting,Tech Lead,0,80,10,9,4
2060,26,F,2966,CÃ©libataire,Commercial,ReprÃ©sentant Commercial,0,80,5,4,2
2061,36,M,2571,MariÃ©(e),Consulting,Consultant,4,80,17,5,2
2062,39,M,9991,MariÃ©(e),Consulting,Manager,4,80,9,7,7
2064,27,M,6142,MariÃ©(e),Consulting,Tech Lead,1,80,6,6,2
2065,49,M,5390,MariÃ©(e),Commercial,Cadre Commercial,2,80,17,9,6
2068,34,M,4404,MariÃ©(e),Consulting,Consultant,2,80,6,4,3